Run 1,Run 1,Run 1,Run 1,Run 1
Time (s),Acceleration - x (m/s²),Acceleration - y (m/s²),Acceleration - z (m/s²),Acceleration - resultant (m/s²)
0.000,-9.9,0.2,-0.9,10.0
0.010,-9.9,0.3,-0.8,10.0
0.020,-9.9,0.3,-0.8,10.0
0.030,-9.9,0.3,-0.8,10.0
0.040,-9.9,0.3,-0.8,10.0
0.050,-9.9,0.3,-0.8,10.0
0.060,-9.9,0.6,-1.0,9.9
0.070,-9.9,0.6,-1.0,9.9
0.080,-9.9,0.6,-1.0,9.9
0.090,-9.9,0.6,-1.0,9.9
0.100,-9.9,0.6,-1.0,9.9
0.110,-9.8,0.6,-1.2,9.9
0.120,-9.8,0.6,-1.2,9.9
0.130,-9.8,0.6,-1.2,9.9
0.140,-9.8,0.6,-1.2,9.9
0.150,-9.9,0.3,-1.1,10.0
0.160,-9.9,0.3,-1.1,10.0
0.170,-9.9,0.3,-1.1,10.0
0.180,-9.9,0.3,-1.1,10.0
0.190,-9.9,0.3,-1.1,10.0
0.200,-9.9,0.2,-0.8,10.0
0.210,-9.9,0.2,-0.8,10.0
0.220,-9.9,0.2,-0.8,10.0
0.230,-9.9,0.2,-0.8,10.0
0.240,-10.1,0.2,-0.5,10.1
0.250,-10.1,0.2,-0.5,10.1
0.260,-10.1,0.2,-0.5,10.1
0.270,-10.1,0.2,-0.5,10.1
0.280,-10.1,0.2,-0.5,10.1
0.290,-10.0,-0.1,-0.5,10.0
0.300,-10.0,-0.1,-0.5,10.0
0.310,-10.0,-0.1,-0.5,10.0
0.320,-10.0,-0.1,-0.5,10.0
0.330,-10.0,-0.1,-0.5,10.0
0.340,-9.6,-0.1,-0.7,9.6
0.350,-9.6,-0.1,-0.7,9.6
0.360,-9.6,-0.1,-0.7,9.6
0.370,-9.6,-0.1,-0.7,9.6
0.380,-9.6,-0.1,-0.7,9.6
0.390,-9.9,0.3,-1.0,9.9
0.400,-9.9,0.3,-1.0,9.9
0.410,-9.9,0.3,-1.0,9.9
0.420,-9.9,0.3,-1.0,9.9
0.430,-9.9,0.3,-1.0,9.9
0.440,-9.9,0.3,-1.0,10.0
0.450,-9.9,0.3,-1.0,10.0
0.460,-9.9,0.3,-1.0,10.0
0.470,-9.9,0.3,-1.0,10.0
0.480,-9.9,0.2,-1.0,9.9
0.490,-9.9,0.2,-1.0,9.9
0.500,-9.9,0.2,-1.0,9.9
0.510,-9.9,0.2,-1.0,9.9
0.520,-9.9,0.2,-1.0,9.9
0.530,-9.7,0.2,-1.0,9.8
0.540,-9.7,0.2,-1.0,9.8
0.550,-9.7,0.2,-1.0,9.8
0.560,-9.7,0.2,-1.0,9.8
0.570,-9.7,0.2,-1.0,9.8
0.580,-9.7,0.2,-1.0,9.8
0.590,-9.8,0.2,-1.0,9.9
0.600,-9.8,0.2,-1.0,9.9
0.610,-9.8,0.2,-1.0,9.9
0.620,-9.8,0.2,-1.0,9.9
0.630,-9.8,0.2,-1.0,9.9
0.640,-9.7,0.2,-1.2,9.8
0.650,-9.7,0.2,-1.2,9.8
0.660,-9.7,0.2,-1.2,9.8
0.670,-9.7,0.2,-1.2,9.8
0.680,-9.9,0.3,-1.2,9.9
0.690,-9.9,0.3,-1.2,9.9
0.700,-9.9,0.3,-1.2,9.9
0.710,-9.9,0.3,-1.2,9.9
0.720,-9.9,0.3,-1.2,9.9
0.730,-9.9,0.6,-1.2,10.0
0.740,-9.9,0.6,-1.2,10.0
0.750,-9.9,0.6,-1.2,10.0
0.760,-9.9,0.6,-1.2,10.0
0.770,-9.9,0.6,-1.2,10.0
0.780,-9.6,0.6,-0.9,9.6
0.790,-9.6,0.6,-0.9,9.6
0.800,-9.6,0.6,-0.9,9.6
0.810,-9.6,0.6,-0.9,9.6
0.820,-9.6,0.6,-0.9,9.6
0.830,-9.7,1.1,-0.7,9.8
0.840,-9.7,1.1,-0.7,9.8
0.850,-9.7,1.1,-0.7,9.8
0.860,-9.7,1.1,-0.7,9.8
0.870,-9.7,1.1,-0.7,9.8
0.880,-9.8,1.2,-0.9,9.9
0.890,-9.8,1.2,-0.9,9.9
0.900,-9.8,1.2,-0.9,9.9
0.910,-9.8,1.2,-0.9,9.9
0.920,-9.8,1.2,-0.9,9.9
0.930,-9.9,0.8,-1.3,10.0
0.940,-9.9,0.8,-1.3,10.0
0.950,-9.9,0.8,-1.3,10.0
0.960,-9.9,0.8,-1.3,10.0
0.970,-9.9,0.8,-1.3,10.0
0.980,-9.7,0.6,-1.1,9.8
0.990,-9.7,0.6,-1.1,9.8
1.000,-9.7,0.6,-1.1,9.8
1.010,-9.7,0.6,-1.1,9.8
1.020,-10.6,1.0,-0.9,10.7
1.030,-10.6,1.0,-0.9,10.7
1.040,-10.6,1.0,-0.9,10.7
1.050,-10.6,1.0,-0.9,10.7
1.060,-10.6,1.0,-0.9,10.7
1.070,-9.8,0.8,-0.9,9.9
1.080,-9.8,0.8,-0.9,9.9
1.090,-9.8,0.8,-0.9,9.9
1.100,-9.8,0.8,-0.9,9.9
1.110,-9.8,0.8,-0.9,9.9
1.120,-10.1,0.7,-0.8,10.2
1.130,-10.1,0.7,-0.8,10.2
1.140,-10.1,0.7,-0.8,10.2
1.150,-10.1,0.7,-0.8,10.2
1.160,-10.1,0.7,-0.8,10.2
1.170,-10.0,1.2,-1.2,10.2
1.180,-10.0,1.2,-1.2,10.2
1.190,-10.0,1.2,-1.2,10.2
1.200,-10.0,1.2,-1.2,10.2
1.210,-10.0,1.2,-1.2,10.2
1.220,-9.9,1.4,-1.2,10.1
1.230,-9.9,1.4,-1.2,10.1
1.240,-9.9,1.4,-1.2,10.1
1.250,-9.9,1.4,-1.2,10.1
1.260,-9.7,1.2,-1.5,9.9
1.270,-9.7,1.2,-1.5,9.9
1.280,-9.7,1.2,-1.5,9.9
1.290,-9.7,1.2,-1.5,9.9
1.300,-9.4,1.5,-1.3,9.6
1.310,-9.4,1.5,-1.3,9.6
1.320,-9.4,1.5,-1.3,9.6
1.330,-9.4,1.5,-1.3,9.6
1.340,-9.4,1.5,-1.3,9.6
1.350,-9.7,1.8,-1.3,10.0
1.360,-9.7,1.8,-1.3,10.0
1.370,-9.7,1.8,-1.3,10.0
1.380,-9.7,1.8,-1.3,10.0
1.390,-9.7,1.8,-1.3,10.0
1.400,-9.1,2.4,-1.5,9.6
1.410,-9.1,2.4,-1.5,9.6
1.420,-9.1,2.4,-1.5,9.6
1.430,-9.1,2.4,-1.5,9.6
1.440,-9.1,2.4,-1.5,9.6
1.450,-8.3,2.4,-1.4,8.8
1.460,-8.3,2.4,-1.4,8.8
1.470,-8.3,2.4,-1.4,8.8
1.480,-8.3,2.4,-1.4,8.8
1.490,-8.3,2.4,-1.4,8.8
1.500,-9.7,2.2,-1.8,10.1
1.510,-9.7,2.2,-1.8,10.1
1.520,-9.7,2.2,-1.8,10.1
1.530,-9.7,2.2,-1.8,10.1
1.540,-9.7,2.2,-1.8,10.1
1.550,-9.4,1.7,-2.4,9.9
1.560,-9.4,1.7,-2.4,9.9
1.570,-9.4,1.7,-2.4,9.9
1.580,-9.4,1.7,-2.4,9.9
1.590,-9.4,1.7,-2.4,9.9
1.600,-9.5,0.2,-2.5,9.8
1.610,-9.5,0.2,-2.5,9.8
1.620,-9.5,0.2,-2.5,9.8
1.630,-9.5,0.2,-2.5,9.8
1.640,-9.5,0.2,-2.5,9.8
1.650,-10.2,-1.8,-5.5,11.7
1.660,-10.2,-1.8,-5.5,11.7
1.670,-10.2,-1.8,-5.5,11.7
1.680,-10.2,-1.8,-5.5,11.7
1.690,-10.2,-1.8,-5.5,11.7
1.700,-9.3,2.4,-3.2,10.1
1.710,-9.3,2.4,-3.2,10.1
1.720,-9.3,2.4,-3.2,10.1
1.730,-9.3,2.4,-3.2,10.1
1.740,-9.3,2.4,-3.2,10.1
1.750,-9.5,-0.3,-1.0,9.6
1.760,-9.5,-0.3,-1.0,9.6
1.770,-9.5,-0.3,-1.0,9.6
1.780,-9.5,-0.3,-1.0,9.6
1.790,-9.5,-0.3,-1.0,9.6
1.800,-10.6,-2.1,-2.5,11.1
1.810,-10.6,-2.1,-2.5,11.1
1.820,-10.6,-2.1,-2.5,11.1
1.830,-10.6,-2.1,-2.5,11.1
1.840,-10.6,-2.1,-2.5,11.1
1.850,-9.3,-1.4,-2.4,9.7
1.860,-9.3,-1.4,-2.4,9.7
1.870,-9.3,-1.4,-2.4,9.7
1.880,-9.3,-1.4,-2.4,9.7
1.890,-9.3,-1.4,-2.4,9.7
1.900,-9.2,-0.1,-2.9,9.7
1.910,-9.2,-0.1,-2.9,9.7
1.920,-9.2,-0.1,-2.9,9.7
1.930,-9.2,-0.1,-2.9,9.7
1.940,-9.8,0.0,-2.9,10.3
1.950,-9.8,0.0,-2.9,10.3
1.960,-9.8,0.0,-2.9,10.3
1.970,-9.8,0.0,-2.9,10.3
1.980,-9.8,0.0,-2.9,10.3
1.990,-9.6,-1.1,-2.7,10.0
2.000,-9.6,-1.1,-2.7,10.0
2.010,-9.6,-1.1,-2.7,10.0
2.020,-9.6,-1.1,-2.7,10.0
2.030,-9.6,-1.1,-2.7,10.0
2.040,-8.9,0.1,-3.4,9.5
2.050,-8.9,0.1,-3.4,9.5
2.060,-8.9,0.1,-3.4,9.5
2.070,-8.9,0.1,-3.4,9.5
2.080,-8.9,0.1,-3.4,9.5
2.090,-9.1,0.3,-2.8,9.6
2.100,-9.1,0.3,-2.8,9.6
2.110,-9.1,0.3,-2.8,9.6
2.120,-9.1,0.3,-2.8,9.6
2.130,-7.1,-0.3,-2.8,7.7
2.140,-7.1,-0.3,-2.8,7.7
2.150,-7.1,-0.3,-2.8,7.7
2.160,-7.1,-0.3,-2.8,7.7
2.170,-7.1,-0.3,-2.8,7.7
2.180,-6.6,-0.2,-3.4,7.4
2.190,-6.6,-0.2,-3.4,7.4
2.200,-6.6,-0.2,-3.4,7.4
2.210,-6.6,-0.2,-3.4,7.4
2.220,-6.6,-0.2,-3.4,7.4
2.230,-7.8,0.2,-3.1,8.4
2.240,-7.8,0.2,-3.1,8.4
2.250,-7.8,0.2,-3.1,8.4
2.260,-7.8,0.2,-3.1,8.4
2.270,-7.8,0.2,-3.1,8.4
2.280,-6.4,0.1,-4.1,7.6
2.290,-6.4,0.1,-4.1,7.6
2.300,-6.4,0.1,-4.1,7.6
2.310,-6.4,0.1,-4.1,7.6
2.320,-6.4,0.1,-4.1,7.6
2.330,-8.3,0.5,-3.4,9.0
2.340,-8.3,0.5,-3.4,9.0
2.350,-8.3,0.5,-3.4,9.0
2.360,-8.3,0.5,-3.4,9.0
2.370,-8.3,0.5,-3.4,9.0
2.380,-8.3,0.8,-4.4,9.4
2.390,-8.3,0.8,-4.4,9.4
2.400,-8.3,0.8,-4.4,9.4
2.410,-8.3,0.8,-4.4,9.4
2.420,-8.3,0.8,-4.4,9.4
2.430,-8.2,-0.1,-3.9,9.1
2.440,-8.2,-0.1,-3.9,9.1
2.450,-8.2,-0.1,-3.9,9.1
2.460,-8.2,-0.1,-3.9,9.1
2.470,-8.2,0.2,-4.5,9.3
2.480,-8.2,0.2,-4.5,9.3
2.490,-8.2,0.2,-4.5,9.3
2.500,-8.2,0.2,-4.5,9.3
2.510,-8.2,0.2,-4.5,9.3
2.520,-7.6,1.0,-3.8,8.6
2.530,-7.6,1.0,-3.8,8.6
2.540,-7.6,1.0,-3.8,8.6
2.550,-7.6,1.0,-3.8,8.6
2.560,-7.6,1.0,-3.8,8.6
2.570,-7.7,0.5,-4.1,8.8
2.580,-7.7,0.5,-4.1,8.8
2.590,-7.7,0.5,-4.1,8.8
2.600,-7.7,0.5,-4.1,8.8
2.610,-8.5,1.2,-3.8,9.4
2.620,-8.5,1.2,-3.8,9.4
2.630,-8.5,1.2,-3.8,9.4
2.640,-8.5,1.2,-3.8,9.4
2.650,-8.5,1.2,-3.8,9.4
2.660,-9.8,-9.0E-4,-3.0,10.3
2.670,-9.8,-9.0E-4,-3.0,10.3
2.680,-9.8,-9.0E-4,-3.0,10.3
2.690,-9.8,-9.0E-4,-3.0,10.3
2.700,-10.9,1.0,-3.3,11.5
2.710,-10.9,1.0,-3.3,11.5
2.720,-10.9,1.0,-3.3,11.5
2.730,-10.9,1.0,-3.3,11.5
2.740,-10.9,1.0,-3.3,11.5
2.750,-10.9,1.0,-3.3,11.5
2.760,-11.9,0.4,-2.8,12.2
2.770,-11.9,0.4,-2.8,12.2
2.780,-11.9,0.4,-2.8,12.2
2.790,-11.9,0.4,-2.8,12.2
2.800,-11.7,2.9,-3.6,12.6
2.810,-11.7,2.9,-3.6,12.6
2.820,-11.7,2.9,-3.6,12.6
2.830,-11.7,2.9,-3.6,12.6
2.840,-11.7,2.9,-3.6,12.6
2.850,-19.5,10.9,-5.7,23.0
2.860,-19.5,10.9,-5.7,23.0
2.870,-19.5,10.9,-5.7,23.0
2.880,-19.5,10.9,-5.7,23.0
2.890,-19.5,10.9,-5.7,23.0
2.900,-11.2,-5.8,-4.8,13.5
2.910,-11.2,-5.8,-4.8,13.5
2.920,-11.2,-5.8,-4.8,13.5
2.930,-11.2,-5.8,-4.8,13.5
2.940,-11.2,-5.8,-4.8,13.5
2.950,-8.6,0.2,-4.5,9.7
2.960,-8.6,0.2,-4.5,9.7
2.970,-8.6,0.2,-4.5,9.7
2.980,-8.6,0.2,-4.5,9.7
2.990,-8.6,0.2,-4.5,9.7
3.000,-7.6,1.1,-4.3,8.8
3.010,-7.6,1.1,-4.3,8.8
3.020,-7.6,1.1,-4.3,8.8
3.030,-7.6,1.1,-4.3,8.8
3.040,-7.6,1.1,-4.3,8.8
3.050,-8.5,2.2,-2.5,9.2
3.060,-8.5,2.2,-2.5,9.2
3.070,-8.5,2.2,-2.5,9.2
3.080,-8.5,2.2,-2.5,9.2
3.090,-8.5,2.2,-2.5,9.2
3.100,-8.8,5.5,-3.1,10.8
3.110,-8.8,5.5,-3.1,10.8
3.120,-8.8,5.5,-3.1,10.8
3.130,-8.8,5.5,-3.1,10.8
3.140,-8.8,5.5,-3.1,10.8
3.150,-9.0,3.0,-4.2,10.4
3.160,-9.0,3.0,-4.2,10.4
3.170,-9.0,3.0,-4.2,10.4
3.180,-9.0,3.0,-4.2,10.4
3.190,-9.8,2.3,-3.0,10.5
3.200,-9.8,2.3,-3.0,10.5
3.210,-9.8,2.3,-3.0,10.5
3.220,-9.8,2.3,-3.0,10.5
3.230,-9.8,2.3,-3.0,10.5
3.240,-7.8,2.2,-3.4,8.9
3.250,-7.8,2.2,-3.4,8.9
3.260,-7.8,2.2,-3.4,8.9
3.270,-7.8,2.2,-3.4,8.9
3.280,-9.1,3.8,-3.0,10.3
3.290,-9.1,3.8,-3.0,10.3
3.300,-9.1,3.8,-3.0,10.3
3.310,-9.1,3.8,-3.0,10.3
3.320,-9.1,3.8,-3.0,10.3
3.330,-8.5,2.1,-3.8,9.5
3.340,-8.5,2.1,-3.8,9.5
3.350,-8.5,2.1,-3.8,9.5
3.360,-8.5,2.1,-3.8,9.5
3.370,-8.5,2.1,-3.8,9.5
3.380,-8.9,2.8,-2.8,9.7
3.390,-8.9,2.8,-2.8,9.7
3.400,-8.9,2.8,-2.8,9.7
3.410,-8.9,2.8,-2.8,9.7
3.420,-8.9,2.8,-2.8,9.7
3.430,-8.8,2.3,-2.8,9.5
3.440,-8.8,2.3,-2.8,9.5
3.450,-8.8,2.3,-2.8,9.5
3.460,-8.8,2.3,-2.8,9.5
3.470,-8.6,1.4,-4.2,9.6
3.480,-8.6,1.4,-4.2,9.6
3.490,-8.6,1.4,-4.2,9.6
3.500,-8.6,1.4,-4.2,9.6
3.510,-9.6,1.1,-3.0,10.1
3.520,-9.6,1.1,-3.0,10.1
3.530,-9.6,1.1,-3.0,10.1
3.540,-9.6,1.1,-3.0,10.1
3.550,-9.6,1.1,-3.0,10.1
3.560,-10.2,-3.2,-6.9,12.8
3.570,-10.2,-3.2,-6.9,12.8
3.580,-10.2,-3.2,-6.9,12.8
3.590,-10.2,-3.2,-6.9,12.8
3.600,-10.2,-3.2,-6.9,12.8
3.610,-9.0,1.1,-1.1,9.2
3.620,-9.0,1.1,-1.1,9.2
3.630,-9.0,1.1,-1.1,9.2
3.640,-9.0,1.1,-1.1,9.2
3.650,-9.0,1.1,-1.1,9.2
3.660,-8.6,-0.4,-3.3,9.2
3.670,-8.6,-0.4,-3.3,9.2
3.680,-8.6,-0.4,-3.3,9.2
3.690,-8.6,-0.4,-3.3,9.2
3.700,-8.6,-0.4,-3.3,9.2
3.710,-9.2,-0.1,-3.9,10.0
3.720,-9.2,-0.1,-3.9,10.0
3.730,-9.2,-0.1,-3.9,10.0
3.740,-9.2,-0.1,-3.9,10.0
3.750,-9.6,-1.0,-3.9,10.4
3.760,-9.6,-1.0,-3.9,10.4
3.770,-9.6,-1.0,-3.9,10.4
3.780,-9.6,-1.0,-3.9,10.4
3.790,-9.6,-1.0,-3.9,10.4
3.800,-9.2,-0.2,-3.8,10.0
3.810,-9.2,-0.2,-3.8,10.0
3.820,-9.2,-0.2,-3.8,10.0
3.830,-9.2,-0.2,-3.8,10.0
3.840,-9.2,-0.2,-3.8,10.0
3.850,-9.0,-1.1,-4.2,10.0
3.860,-9.0,-1.1,-4.2,10.0
3.870,-9.0,-1.1,-4.2,10.0
3.880,-9.0,-1.1,-4.2,10.0
3.890,-8.9,-1.2,-4.3,10.0
3.900,-8.9,-1.2,-4.3,10.0
3.910,-8.9,-1.2,-4.3,10.0
3.920,-8.9,-1.2,-4.3,10.0
3.930,-8.9,-1.2,-4.3,10.0
3.940,-8.8,-0.2,-4.1,9.7
3.950,-8.8,-0.2,-4.1,9.7
3.960,-8.8,-0.2,-4.1,9.7
3.970,-8.8,-0.2,-4.1,9.7
3.980,-8.8,-0.2,-4.1,9.7
3.990,-9.1,-0.5,-4.2,10.0
4.000,-9.1,-0.5,-4.2,10.0
4.010,-9.1,-0.5,-4.2,10.0
4.020,-9.1,-0.5,-4.2,10.0
4.030,-9.3,-0.1,-4.0,10.2
4.040,-9.3,-0.1,-4.0,10.2
4.050,-9.3,-0.1,-4.0,10.2
4.060,-9.3,-0.1,-4.0,10.2
4.070,-9.1,-0.9,-4.3,10.1
4.080,-9.1,-0.9,-4.3,10.1
4.090,-9.1,-0.9,-4.3,10.1
4.100,-9.1,-0.9,-4.3,10.1
4.110,-9.1,-0.9,-4.3,10.1
4.120,-9.0,-0.5,-4.3,10.0
4.130,-9.0,-0.5,-4.3,10.0
4.140,-9.0,-0.5,-4.3,10.0
4.150,-9.0,-0.5,-4.3,10.0
4.160,-8.4,-0.7,-4.6,9.6
4.170,-8.4,-0.7,-4.6,9.6
4.180,-8.4,-0.7,-4.6,9.6
4.190,-8.4,-0.7,-4.6,9.6
4.200,-8.4,-0.7,-4.6,9.6
4.210,-8.6,-1.0,-4.2,9.6
4.220,-8.6,-1.0,-4.2,9.6
4.230,-8.6,-1.0,-4.2,9.6
4.240,-8.6,-1.0,-4.2,9.6
4.250,-8.8,-0.9,-4.3,9.8
4.260,-8.8,-0.9,-4.3,9.8
4.270,-8.8,-0.9,-4.3,9.8
4.280,-8.8,-0.9,-4.3,9.8
4.290,-8.8,-0.9,-4.3,9.8
4.300,-9.0,-0.8,-4.4,10.1
4.310,-9.0,-0.8,-4.4,10.1
4.320,-9.0,-0.8,-4.4,10.1
4.330,-9.0,-0.8,-4.4,10.1
4.340,-9.0,-0.8,-4.4,10.1
4.350,-9.0,-0.7,-4.2,10.0
4.360,-9.0,-0.7,-4.2,10.0
4.370,-9.0,-0.7,-4.2,10.0
4.380,-9.0,-0.7,-4.2,10.0
4.390,-9.2,-1.2,-4.2,10.2
4.400,-9.2,-1.2,-4.2,10.2
4.410,-9.2,-1.2,-4.2,10.2
4.420,-9.2,-1.2,-4.2,10.2
4.430,-9.2,-1.2,-4.2,10.2
4.440,-8.9,-0.9,-4.0,9.8
4.450,-8.9,-0.9,-4.0,9.8
4.460,-8.9,-0.9,-4.0,9.8
4.470,-8.9,-0.9,-4.0,9.8
4.480,-8.9,-0.9,-4.0,9.8
4.490,-8.8,-1.4,-4.0,9.8
4.500,-8.8,-1.4,-4.0,9.8
4.510,-8.8,-1.4,-4.0,9.8
4.520,-8.8,-1.4,-4.0,9.8
4.530,-9.1,-1.5,-4.1,10.1
4.540,-9.1,-1.5,-4.1,10.1
4.550,-9.1,-1.5,-4.1,10.1
4.560,-9.1,-1.5,-4.1,10.1
4.570,-9.1,-1.5,-4.1,10.1
4.580,-9.0,-1.5,-4.4,10.1
4.590,-9.0,-1.5,-4.4,10.1
4.600,-9.0,-1.5,-4.4,10.1
4.610,-9.0,-1.5,-4.4,10.1
4.620,-9.0,-1.5,-4.4,10.1
4.630,-8.8,-1.3,-4.6,10.0
4.640,-8.8,-1.3,-4.6,10.0
4.650,-8.8,-1.3,-4.6,10.0
4.660,-8.8,-1.3,-4.6,10.0
4.670,-8.8,-1.3,-4.6,10.0
4.680,-8.7,-1.1,-4.6,9.9
4.690,-8.7,-1.1,-4.6,9.9
4.700,-8.7,-1.1,-4.6,9.9
4.710,-8.7,-1.1,-4.6,9.9
4.720,-8.7,-1.4,-4.4,9.9
4.730,-8.7,-1.4,-4.4,9.9
4.740,-8.7,-1.4,-4.4,9.9
4.750,-8.7,-1.4,-4.4,9.9
4.760,-8.7,-1.4,-4.4,9.9
4.770,-8.9,-1.6,-4.3,10.0
4.780,-8.9,-1.6,-4.3,10.0
4.790,-8.9,-1.6,-4.3,10.0
4.800,-8.9,-1.6,-4.3,10.0
4.810,-8.9,-1.6,-4.3,10.0
4.820,-8.7,-1.7,-4.6,10.0
4.830,-8.7,-1.7,-4.6,10.0
4.840,-8.7,-1.7,-4.6,10.0
4.850,-8.7,-1.7,-4.6,10.0
4.860,-8.7,-1.7,-4.6,10.0
4.870,-8.6,-1.9,-4.3,9.8
4.880,-8.6,-1.9,-4.3,9.8
4.890,-8.6,-1.9,-4.3,9.8
4.900,-8.6,-1.9,-4.3,9.8
4.910,-8.6,-1.9,-4.3,9.8
4.920,-8.5,-2.0,-4.5,9.9
4.930,-8.5,-2.0,-4.5,9.9
4.940,-8.5,-2.0,-4.5,9.9
4.950,-8.5,-2.0,-4.5,9.9
4.960,-8.5,-2.0,-4.5,9.9
4.970,-8.7,-2.4,-4.2,9.9
4.980,-8.7,-2.4,-4.2,9.9
4.990,-8.7,-2.4,-4.2,9.9
5.000,-8.7,-2.4,-4.2,9.9
5.010,-8.7,-1.8,-4.5,10.0
5.020,-8.7,-1.8,-4.5,10.0
5.030,-8.7,-1.8,-4.5,10.0
5.040,-8.7,-1.8,-4.5,10.0
5.050,-8.4,-2.1,-4.2,9.6
5.060,-8.4,-2.1,-4.2,9.6
5.070,-8.4,-2.1,-4.2,9.6
5.080,-8.4,-2.1,-4.2,9.6
5.090,-8.4,-2.1,-4.2,9.6
5.100,-8.5,-2.7,-3.8,9.7
5.110,-8.5,-2.7,-3.8,9.7
5.120,-8.5,-2.7,-3.8,9.7
5.130,-8.5,-2.7,-3.8,9.7
5.140,-8.5,-2.1,-4.6,9.9
5.150,-8.5,-2.1,-4.6,9.9
5.160,-8.5,-2.1,-4.6,9.9
5.170,-8.5,-2.1,-4.6,9.9
5.180,-8.5,-2.1,-4.6,9.9
5.190,-8.4,-2.7,-4.0,9.7
5.200,-8.4,-2.7,-4.0,9.7
5.210,-8.4,-2.7,-4.0,9.7
5.220,-8.4,-2.7,-4.0,9.7
5.230,-8.4,-2.7,-4.0,9.7
5.240,-8.5,-3.1,-4.6,10.2
5.250,-8.5,-3.1,-4.6,10.2
5.260,-8.5,-3.1,-4.6,10.2
5.270,-8.5,-3.1,-4.6,10.2
5.280,-8.5,-3.1,-4.6,10.2
5.290,-8.3,-2.6,-4.0,9.6
5.300,-8.3,-2.6,-4.0,9.6
5.310,-8.3,-2.6,-4.0,9.6
5.320,-8.3,-2.6,-4.0,9.6
5.330,-8.4,-3.3,-4.4,10.0
5.340,-8.4,-3.3,-4.4,10.0
5.350,-8.4,-3.3,-4.4,10.0
5.360,-8.4,-3.3,-4.4,10.0
5.370,-8.4,-3.3,-4.4,10.0
5.380,-8.9,-3.0,-4.4,10.4
5.390,-8.9,-3.0,-4.4,10.4
5.400,-8.9,-3.0,-4.4,10.4
5.410,-8.9,-3.0,-4.4,10.4
5.420,-8.4,-4.1,-3.6,10.0
5.430,-8.4,-4.1,-3.6,10.0
5.440,-8.4,-4.1,-3.6,10.0
5.450,-8.4,-4.1,-3.6,10.0
5.460,-8.4,-4.1,-3.6,10.0
5.470,-8.0,-3.5,-4.2,9.7
5.480,-8.0,-3.5,-4.2,9.7
5.490,-8.0,-3.5,-4.2,9.7
5.500,-8.0,-3.5,-4.2,9.7
5.510,-8.0,-3.5,-4.2,9.7
5.520,-7.6,-4.6,-3.5,9.5
5.530,-7.6,-4.6,-3.5,9.5
5.540,-7.6,-4.6,-3.5,9.5
5.550,-7.6,-4.6,-3.5,9.5
5.560,-7.6,-4.6,-3.5,9.5
5.570,-8.8,-3.2,-4.2,10.2
5.580,-8.8,-3.2,-4.2,10.2
5.590,-8.8,-3.2,-4.2,10.2
5.600,-8.8,-3.2,-4.2,10.2
5.610,-8.8,-3.2,-4.2,10.2
5.620,-8.7,-4.4,-3.2,10.3
5.630,-8.7,-4.4,-3.2,10.3
5.640,-8.7,-4.4,-3.2,10.3
5.650,-8.7,-4.4,-3.2,10.3
5.660,-8.7,-4.4,-3.2,10.3
5.670,-10.5,-3.1,-4.9,12.0
5.680,-10.5,-3.1,-4.9,12.0
5.690,-10.5,-3.1,-4.9,12.0
5.700,-10.5,-3.1,-4.9,12.0
5.710,-10.5,-3.1,-4.9,12.0
5.720,-7.3,-3.8,-4.4,9.3
5.730,-7.3,-3.8,-4.4,9.3
5.740,-7.3,-3.8,-4.4,9.3
5.750,-7.3,-3.8,-4.4,9.3
5.760,-7.3,-3.8,-4.4,9.3
5.770,-9.2,-3.5,-3.7,10.5
5.780,-9.2,-3.5,-3.7,10.5
5.790,-9.2,-3.5,-3.7,10.5
5.800,-9.2,-3.5,-3.7,10.5
5.810,-9.2,-3.5,-3.7,10.5
5.820,-7.2,-2.6,-4.9,9.1
5.830,-7.2,-2.6,-4.9,9.1
5.840,-7.2,-2.6,-4.9,9.1
5.850,-7.2,-2.6,-4.9,9.1
5.860,-7.2,-2.6,-4.9,9.1
5.870,-8.0,-2.4,-5.0,9.7
5.880,-8.0,-2.4,-5.0,9.7
5.890,-8.0,-2.4,-5.0,9.7
5.900,-8.0,-2.4,-5.0,9.7
5.910,-8.0,-2.4,-5.0,9.7
5.920,-7.4,-3.5,-5.4,9.8
5.930,-7.4,-3.5,-5.4,9.8
5.940,-7.4,-3.5,-5.4,9.8
5.950,-7.4,-3.5,-5.4,9.8
5.960,-7.4,-3.5,-5.4,9.8
5.970,-6.9,-2.4,-6.2,9.6
5.980,-6.9,-2.4,-6.2,9.6
5.990,-6.9,-2.4,-6.2,9.6
6.000,-6.9,-2.4,-6.2,9.6
6.010,-6.9,-2.4,-6.2,9.6
6.020,-7.5,-3.3,-6.4,10.4
6.030,-7.5,-3.3,-6.4,10.4
6.040,-7.5,-3.3,-6.4,10.4
6.050,-7.5,-3.3,-6.4,10.4
6.060,-7.5,-3.3,-6.4,10.4
6.070,-7.6,-3.7,-7.9,11.5
6.080,-7.6,-3.7,-7.9,11.5
6.090,-7.6,-3.7,-7.9,11.5
6.100,-7.6,-3.7,-7.9,11.5
6.110,-7.6,-3.7,-7.9,11.5
6.120,-6.8,-4.1,-6.9,10.5
6.130,-6.8,-4.1,-6.9,10.5
6.140,-6.8,-4.1,-6.9,10.5
6.150,-6.8,-4.1,-6.9,10.5
6.160,-7.4,-3.0,-7.7,11.1
6.170,-7.4,-3.0,-7.7,11.1
6.180,-7.4,-3.0,-7.7,11.1
6.190,-7.4,-3.0,-7.7,11.1
6.200,-7.4,-3.0,-7.7,11.1
6.210,-8.1,-3.5,-7.8,11.8
6.220,-8.1,-3.5,-7.8,11.8
6.230,-8.1,-3.5,-7.8,11.8
6.240,-8.1,-3.5,-7.8,11.8
6.250,-7.7,-4.1,-8.0,11.8
6.260,-7.7,-4.1,-8.0,11.8
6.270,-7.7,-4.1,-8.0,11.8
6.280,-7.7,-4.1,-8.0,11.8
6.290,-7.7,-3.5,-7.6,11.4
6.300,-7.7,-3.5,-7.6,11.4
6.310,-7.7,-3.5,-7.6,11.4
6.320,-7.7,-3.5,-7.6,11.4
6.330,-7.7,-3.5,-7.6,11.4
6.340,-8.4,-2.4,-7.8,11.7
6.350,-8.4,-2.4,-7.8,11.7
6.360,-8.4,-2.4,-7.8,11.7
6.370,-8.4,-2.4,-7.8,11.7
6.380,-8.4,-2.4,-7.8,11.7
6.390,-8.0,-2.6,-7.2,11.1
6.400,-8.0,-2.6,-7.2,11.1
6.410,-8.0,-2.6,-7.2,11.1
6.420,-8.0,-2.6,-7.2,11.1
6.430,-8.0,-2.6,-7.2,11.1
6.440,-8.0,-1.6,-7.3,10.9
6.450,-8.0,-1.6,-7.3,10.9
6.460,-8.0,-1.6,-7.3,10.9
6.470,-8.0,-1.6,-7.3,10.9
6.480,-8.0,-1.6,-7.3,10.9
6.490,-7.0,-0.4,-7.8,10.5
6.500,-7.0,-0.4,-7.8,10.5
6.510,-7.0,-0.4,-7.8,10.5
6.520,-7.0,-0.4,-7.8,10.5
6.530,-7.0,-0.4,-7.8,10.5
6.540,-6.2,0.9,-7.3,9.6
6.550,-6.2,0.9,-7.3,9.6
6.560,-6.2,0.9,-7.3,9.6
6.570,-6.2,0.9,-7.3,9.6
6.580,-6.2,0.9,-7.3,9.6
6.590,-6.0,0.9,-7.0,9.3
6.600,-6.0,0.9,-7.0,9.3
6.610,-6.0,0.9,-7.0,9.3
6.620,-6.0,0.9,-7.0,9.3
6.630,-5.6,2.3,-6.7,9.1
6.640,-5.6,2.3,-6.7,9.1
6.650,-5.6,2.3,-6.7,9.1
6.660,-5.6,2.3,-6.7,9.1
6.670,-5.6,2.3,-6.8,9.1
6.680,-5.6,2.3,-6.8,9.1
6.690,-5.6,2.3,-6.8,9.1
6.700,-5.6,2.3,-6.8,9.1
6.710,-5.6,2.3,-6.8,9.1
6.720,-5.6,2.3,-6.8,9.1
6.730,-5.6,2.3,-6.8,9.1
6.740,-5.6,2.3,-6.8,9.1
6.750,-5.6,2.3,-6.8,9.1
6.760,-5.6,2.3,-6.8,9.1
6.770,-5.6,2.3,-6.8,9.1
6.780,-5.6,2.3,-6.8,9.1
6.790,-5.6,2.3,-6.8,9.1
6.800,-5.6,2.3,-6.8,9.1
6.810,-5.6,2.3,-6.8,9.1
6.820,-5.6,2.3,-6.8,9.1
6.830,-5.6,2.3,-6.8,9.1
6.840,-5.6,2.3,-6.8,9.1
6.850,-5.6,2.3,-6.8,9.1
6.860,-5.6,2.3,-6.8,9.1
6.870,-5.6,2.3,-6.8,9.1
6.880,-5.6,2.3,-6.8,9.1
6.890,-5.6,2.3,-6.8,9.1
6.900,-5.6,2.3,-6.8,9.1
6.910,-5.5,2.5,-5.2,7.9
6.920,-5.5,2.5,-5.2,7.9
6.930,-5.5,2.5,-5.2,7.9
6.940,-5.5,2.5,-5.2,7.9
6.950,-6.4,4.6,-4.6,9.2
6.960,-6.4,4.6,-4.6,9.2
6.970,-6.4,4.6,-4.6,9.2
6.980,-6.4,4.6,-4.6,9.2
6.990,-6.4,4.6,-4.6,9.2
7.000,-6.8,4.8,-4.9,9.7
7.010,-6.8,4.8,-4.9,9.7
7.020,-6.8,4.8,-4.9,9.7
7.030,-6.8,4.8,-4.9,9.7
7.040,-6.8,4.8,-4.9,9.7
7.050,-6.6,4.4,-4.4,9.1
7.060,-6.6,4.4,-4.4,9.1
7.070,-6.6,4.4,-4.4,9.1
7.080,-6.6,4.4,-4.4,9.1
7.090,-6.6,4.4,-4.4,9.1
7.100,-7.6,4.8,-4.1,9.9
7.110,-7.6,4.8,-4.1,9.9
7.120,-7.6,4.8,-4.1,9.9
7.130,-7.6,4.8,-4.1,9.9
7.140,-7.8,5.4,-4.3,10.4
7.150,-7.8,5.4,-4.3,10.4
7.160,-7.8,5.4,-4.3,10.4
7.170,-7.8,5.4,-4.3,10.4
7.180,-7.8,5.4,-4.3,10.4
7.190,-8.1,4.9,-3.9,10.2
7.200,-8.1,4.9,-3.9,10.2
7.210,-8.1,4.9,-3.9,10.2
7.220,-8.1,4.9,-3.9,10.2
7.230,-7.5,5.3,-4.0,10.0
7.240,-7.5,5.3,-4.0,10.0
7.250,-7.5,5.3,-4.0,10.0
7.260,-7.5,5.3,-4.0,10.0
7.270,-7.5,5.3,-4.0,10.0
7.280,-8.0,5.2,-2.8,9.9
7.290,-8.0,5.2,-2.8,9.9
7.300,-8.0,5.2,-2.8,9.9
7.310,-8.0,5.2,-2.8,9.9
7.320,-8.0,5.2,-2.8,9.9
7.330,-7.9,4.6,-3.0,9.6
7.340,-7.9,4.6,-3.0,9.6
7.350,-7.9,4.6,-3.0,9.6
7.360,-7.9,4.6,-3.0,9.6
7.370,-7.9,4.6,-3.0,9.6
7.380,-8.2,4.7,-2.9,9.8
7.390,-8.2,4.7,-2.9,9.8
7.400,-8.2,4.7,-2.9,9.8
7.410,-8.2,4.7,-2.9,9.8
7.420,-8.2,4.7,-2.9,9.8
7.430,-8.3,3.0,-4.1,9.8
7.440,-8.3,3.0,-4.1,9.8
7.450,-8.3,3.0,-4.1,9.8
7.460,-8.3,3.0,-4.1,9.8
7.470,-9.2,1.1,-4.2,10.2
7.480,-9.2,1.1,-4.2,10.2
7.490,-9.2,1.1,-4.2,10.2
7.500,-9.2,1.1,-4.2,10.2
7.510,-9.2,1.1,-4.2,10.2
7.520,-8.6,0.8,-3.8,9.4
7.530,-8.6,0.8,-3.8,9.4
7.540,-8.6,0.8,-3.8,9.4
7.550,-8.6,0.8,-3.8,9.4
7.560,-9.1,2.4,-3.6,10.1
7.570,-9.1,2.4,-3.6,10.1
7.580,-9.1,2.4,-3.6,10.1
7.590,-9.1,2.4,-3.6,10.1
7.600,-9.1,2.4,-3.6,10.1
7.610,-9.0,3.1,-5.9,11.2
7.620,-9.0,3.1,-5.9,11.2
7.630,-9.0,3.1,-5.9,11.2
7.640,-9.0,3.1,-5.9,11.2
7.650,-9.0,3.1,-5.9,11.2
7.660,-9.7,2.4,-4.2,10.9
7.670,-9.7,2.4,-4.2,10.9
7.680,-9.7,2.4,-4.2,10.9
7.690,-9.7,2.4,-4.2,10.9
7.700,-9.7,2.4,-4.2,10.9
7.710,-9.5,1.0,-5.3,10.9
7.720,-9.5,1.0,-5.3,10.9
7.730,-9.5,1.0,-5.3,10.9
7.740,-9.5,1.0,-5.3,10.9
7.750,-9.5,1.0,-5.3,10.9
7.760,-9.0,1.2,-4.9,10.3
7.770,-9.0,1.2,-4.9,10.3
7.780,-9.0,1.2,-4.9,10.3
7.790,-9.0,1.2,-4.9,10.3
7.800,-9.0,1.2,-4.9,10.3
7.810,-8.7,0.7,-4.9,10.0
7.820,-8.7,0.7,-4.9,10.0
7.830,-8.7,0.7,-4.9,10.0
7.840,-8.7,0.7,-4.9,10.0
7.850,-7.9,0.8,-4.6,9.1
7.860,-7.9,0.8,-4.6,9.1
7.870,-7.9,0.8,-4.6,9.1
7.880,-7.9,0.8,-4.6,9.1
7.890,-7.9,0.8,-4.6,9.1
7.900,-8.2,-0.1,-4.8,9.5
7.910,-8.2,-0.1,-4.8,9.5
7.920,-8.2,-0.1,-4.8,9.5
7.930,-8.2,-0.1,-4.8,9.5
7.940,-8.2,-0.1,-4.8,9.5
7.950,-8.2,-0.1,-4.8,9.5
7.960,-8.2,-0.1,-4.8,9.5
7.970,-8.2,-0.1,-4.8,9.5
7.980,-8.2,-0.1,-4.8,9.5
7.990,-8.2,-0.1,-4.8,9.5
8.000,-8.1,-1.2,-5.3,9.8
8.010,-8.1,-1.2,-5.3,9.8
8.020,-8.1,-1.2,-5.3,9.8
8.030,-8.1,-1.2,-5.3,9.8
8.040,-8.3,-1.7,-5.2,10.0
8.050,-8.3,-1.7,-5.2,10.0
8.060,-8.3,-1.7,-5.2,10.0
8.070,-8.3,-1.7,-5.2,10.0
8.080,-8.3,-1.7,-5.2,10.0
8.090,-8.1,-2.5,-5.1,9.9
8.100,-8.1,-2.5,-5.1,9.9
8.110,-8.1,-2.5,-5.1,9.9
8.120,-8.1,-2.5,-5.1,9.9
8.130,-8.1,-2.5,-5.1,9.9
8.140,-7.2,-2.9,-4.7,9.1
8.150,-7.2,-2.9,-4.7,9.1
8.160,-7.2,-2.9,-4.7,9.1
8.170,-7.2,-2.9,-4.7,9.1
8.180,-7.2,-2.9,-4.7,9.1
8.190,-7.7,-2.8,-5.1,9.6
8.200,-7.7,-2.8,-5.1,9.6
8.210,-7.7,-2.8,-5.1,9.6
8.220,-7.7,-2.8,-5.1,9.6
8.230,-7.8,-2.2,-5.4,9.7
8.240,-7.8,-2.2,-5.4,9.7
8.250,-7.8,-2.2,-5.4,9.7
8.260,-7.8,-2.2,-5.4,9.7
8.270,-7.8,-2.2,-5.4,9.7
8.280,-8.0,-2.1,-5.4,9.9
8.290,-8.0,-2.1,-5.4,9.9
8.300,-8.0,-2.1,-5.4,9.9
8.310,-8.0,-2.1,-5.4,9.9
8.320,-8.0,-2.1,-5.4,9.9
8.330,-7.9,-2.4,-5.6,10.0
8.340,-7.9,-2.4,-5.6,10.0
8.350,-7.9,-2.4,-5.6,10.0
8.360,-7.9,-2.4,-5.6,10.0
8.370,-7.9,-2.4,-5.6,10.0
8.380,-8.0,-3.3,-5.0,10.0
8.390,-8.0,-3.3,-5.0,10.0
8.400,-8.0,-3.3,-5.0,10.0
8.410,-8.0,-3.3,-5.0,10.0
8.420,-8.0,-3.3,-5.0,10.0
8.430,-8.2,-2.6,-5.0,9.9
8.440,-8.2,-2.6,-5.0,9.9
8.450,-8.2,-2.6,-5.0,9.9
8.460,-8.2,-2.6,-5.0,9.9
8.470,-8.2,-2.6,-5.0,9.9
8.480,-8.2,-2.7,-5.0,10.0
8.490,-8.2,-2.7,-5.0,10.0
8.500,-8.2,-2.7,-5.0,10.0
8.510,-8.2,-2.7,-5.0,10.0
8.520,-8.2,-2.7,-5.0,10.0
8.530,-8.2,-1.8,-4.8,9.7
8.540,-8.2,-1.8,-4.8,9.7
8.550,-8.2,-1.8,-4.8,9.7
8.560,-8.2,-1.8,-4.8,9.7
8.570,-8.2,-1.8,-4.8,9.7
8.580,-8.3,-2.6,-5.1,10.1
8.590,-8.3,-2.6,-5.1,10.1
8.600,-8.3,-2.6,-5.1,10.1
8.610,-8.3,-2.6,-5.1,10.1
8.620,-8.1,-3.2,-5.1,10.1
8.630,-8.1,-3.2,-5.1,10.1
8.640,-8.1,-3.2,-5.1,10.1
8.650,-8.1,-3.2,-5.1,10.1
8.660,-8.1,-3.2,-5.1,10.1
8.670,-8.4,-3.2,-4.9,10.3
8.680,-8.4,-3.2,-4.9,10.3
8.690,-8.4,-3.2,-4.9,10.3
8.700,-8.4,-3.2,-4.9,10.3
8.710,-8.1,-2.8,-4.8,9.8
8.720,-8.1,-2.8,-4.8,9.8
8.730,-8.1,-2.8,-4.8,9.8
8.740,-8.1,-2.8,-4.8,9.8
8.750,-8.1,-2.8,-4.8,9.8
8.760,-8.3,-3.3,-4.3,10.0
8.770,-8.3,-3.3,-4.3,10.0
8.780,-8.3,-3.3,-4.3,10.0
8.790,-8.3,-3.3,-4.3,10.0
8.800,-8.3,-3.0,-4.4,9.9
8.810,-8.3,-3.0,-4.4,9.9
8.820,-8.3,-3.0,-4.4,9.9
8.830,-8.3,-3.0,-4.4,9.9
8.840,-8.3,-3.0,-4.4,9.9
8.850,-8.3,-2.5,-4.5,9.8
8.860,-8.3,-2.5,-4.5,9.8
8.870,-8.3,-2.5,-4.5,9.8
8.880,-8.3,-2.5,-4.5,9.8
8.890,-8.3,-2.5,-4.5,9.8
8.900,-7.9,-2.4,-4.7,9.5
8.910,-7.9,-2.4,-4.7,9.5
8.920,-7.9,-2.4,-4.7,9.5
8.930,-7.9,-2.4,-4.7,9.5
8.940,-7.9,-2.4,-4.7,9.5
8.950,-8.0,-2.7,-4.2,9.4
8.960,-8.0,-2.7,-4.2,9.4
8.970,-8.0,-2.7,-4.2,9.4
8.980,-8.0,-2.7,-4.2,9.4
8.990,-8.6,-1.6,-3.9,9.5
9.000,-8.6,-1.6,-3.9,9.5
9.010,-8.6,-1.6,-3.9,9.5
9.020,-8.6,-1.6,-3.9,9.5
9.030,-8.6,-1.6,-3.9,9.5
9.040,-9.5,-0.8,-5.0,10.8
9.050,-9.5,-0.8,-5.0,10.8
9.060,-9.5,-0.8,-5.0,10.8
9.070,-9.5,-0.8,-5.0,10.8
9.080,-9.5,-0.8,-5.0,10.8
9.090,-9.3,-0.8,-4.7,10.4
9.100,-9.3,-0.8,-4.7,10.4
9.110,-9.3,-0.8,-4.7,10.4
9.120,-9.3,-0.8,-4.7,10.4
9.130,-9.2,-0.7,-4.4,10.2
9.140,-9.2,-0.7,-4.4,10.2
9.150,-9.2,-0.7,-4.4,10.2
9.160,-9.2,-0.7,-4.4,10.2
9.170,-9.2,-0.7,-4.4,10.2
9.180,-8.5,-1.3,-3.9,9.4
9.190,-8.5,-1.3,-3.9,9.4
9.200,-8.5,-1.3,-3.9,9.4
9.210,-8.5,-1.3,-3.9,9.4
9.220,-8.8,-0.9,-3.8,9.7
9.230,-8.8,-0.9,-3.8,9.7
9.240,-8.8,-0.9,-3.8,9.7
9.250,-8.8,-0.9,-3.8,9.7
9.260,-9.0,-0.4,-3.7,9.7
9.270,-9.0,-0.4,-3.7,9.7
9.280,-9.0,-0.4,-3.7,9.7
9.290,-9.0,-0.4,-3.7,9.7
9.300,-9.0,-0.4,-3.7,9.7
9.310,-9.5,0.0,-4.1,10.4
9.320,-9.5,0.0,-4.1,10.4
9.330,-9.5,0.0,-4.1,10.4
9.340,-9.5,0.0,-4.1,10.4
9.350,-9.5,0.1,-4.1,10.3
9.360,-9.5,0.1,-4.1,10.3
9.370,-9.5,0.1,-4.1,10.3
9.380,-9.5,0.1,-4.1,10.3
9.390,-9.5,0.1,-4.1,10.3
9.400,-9.0,-0.1,-3.7,9.8
9.410,-9.0,-0.1,-3.7,9.8
9.420,-9.0,-0.1,-3.7,9.8
9.430,-9.0,-0.1,-3.7,9.8
9.440,-9.0,-0.1,-3.7,9.8
9.450,-9.1,-0.4,-3.4,9.7
9.460,-9.1,-0.4,-3.4,9.7
9.470,-9.1,-0.4,-3.4,9.7
9.480,-9.1,-0.4,-3.4,9.7
9.490,-9.5,0.2,-3.7,10.2
9.500,-9.5,0.2,-3.7,10.2
9.510,-9.5,0.2,-3.7,10.2
9.520,-9.5,0.2,-3.7,10.2
9.530,-9.5,0.2,-3.7,10.2
9.540,-9.4,0.2,-3.9,10.2
9.550,-9.4,0.2,-3.9,10.2
9.560,-9.4,0.2,-3.9,10.2
9.570,-9.4,0.2,-3.9,10.2
9.580,-9.4,0.2,-3.9,10.2
9.590,-9.2,0.5,-3.6,9.9
9.600,-9.2,0.5,-3.6,9.9
9.610,-9.2,0.5,-3.6,9.9
9.620,-9.2,0.5,-3.6,9.9
9.630,-9.2,0.5,-3.6,9.9
9.640,-9.2,0.2,-3.5,9.8
9.650,-9.2,0.2,-3.5,9.8
9.660,-9.2,0.2,-3.5,9.8
9.670,-9.2,0.2,-3.5,9.8
9.680,-9.2,0.2,-3.5,9.8
9.690,-9.5,0.0,-4.1,10.4
9.700,-9.5,0.0,-4.1,10.4
9.710,-9.5,0.0,-4.1,10.4
9.720,-9.5,0.0,-4.1,10.4
9.730,-9.5,0.0,-4.1,10.4
9.740,-9.1,0.6,-3.4,9.8
9.750,-9.1,0.6,-3.4,9.8
9.760,-9.1,0.6,-3.4,9.8
9.770,-9.1,0.6,-3.4,9.8
9.780,-10.5,0.2,-2.9,10.9
9.790,-10.5,0.2,-2.9,10.9
9.800,-10.5,0.2,-2.9,10.9
9.810,-10.5,0.2,-2.9,10.9
9.820,-10.5,0.2,-2.9,10.9
9.830,-9.5,0.0,-3.8,10.2
9.840,-9.5,0.0,-3.8,10.2
9.850,-9.5,0.0,-3.8,10.2
9.860,-9.5,0.0,-3.8,10.2
9.870,-9.8,0.2,-4.4,10.8
9.880,-9.8,0.2,-4.4,10.8
9.890,-9.8,0.2,-4.4,10.8
9.900,-9.8,0.2,-4.4,10.8
9.910,-9.8,0.2,-4.4,10.8
9.920,-9.3,-0.6,-3.8,10.0
9.930,-9.3,-0.6,-3.8,10.0
9.940,-9.3,-0.6,-3.8,10.0
9.950,-9.3,-0.6,-3.8,10.0
9.960,-9.3,-0.6,-3.8,10.0
9.970,-9.1,-0.8,-3.7,9.8
9.980,-9.1,-0.8,-3.7,9.8
9.990,-9.1,-0.8,-3.7,9.8
10.000,-9.1,-0.8,-3.7,9.8
10.010,-9.1,-0.8,-3.7,9.8
10.020,-8.0,-1.7,-3.7,8.9
10.030,-8.0,-1.7,-3.7,8.9
10.040,-8.0,-1.7,-3.7,8.9
10.050,-8.0,-1.7,-3.7,8.9
10.060,-8.0,-2.3,-3.9,9.2
10.070,-8.0,-2.3,-3.9,9.2
10.080,-8.0,-2.3,-3.9,9.2
10.090,-8.0,-2.3,-3.9,9.2
10.100,-8.1,-3.0,-4.0,9.5
10.110,-8.1,-3.0,-4.0,9.5
10.120,-8.1,-3.0,-4.0,9.5
10.130,-8.1,-3.0,-4.0,9.5
10.140,-8.1,-3.0,-4.0,9.5
10.150,-8.8,-3.9,-4.6,10.6
10.160,-8.8,-3.9,-4.6,10.6
10.170,-8.8,-3.9,-4.6,10.6
10.180,-8.8,-3.9,-4.6,10.6
10.190,-8.8,-3.9,-4.6,10.6
10.200,-8.8,-3.9,-4.6,10.6
10.210,-8.4,-3.1,-4.7,10.2
10.220,-8.4,-3.1,-4.7,10.2
10.230,-8.4,-3.1,-4.7,10.2
10.240,-8.4,-3.1,-4.7,10.2
10.250,-8.4,-3.1,-4.7,10.2
10.260,-8.1,-2.6,-4.7,9.7
10.270,-8.1,-2.6,-4.7,9.7
10.280,-8.1,-2.6,-4.7,9.7
10.290,-8.1,-2.6,-4.7,9.7
10.300,-7.6,-2.7,-4.8,9.4
10.310,-7.6,-2.7,-4.8,9.4
10.320,-7.6,-2.7,-4.8,9.4
10.330,-7.6,-2.7,-4.8,9.4
10.340,-7.6,-2.7,-4.8,9.4
10.350,-8.1,-3.1,-5.2,10.1
10.360,-8.1,-3.1,-5.2,10.1
10.370,-8.1,-3.1,-5.2,10.1
10.380,-8.1,-3.1,-5.2,10.1
10.390,-8.1,-3.1,-5.2,10.1
10.400,-7.9,-2.2,-5.2,9.7
10.410,-7.9,-2.2,-5.2,9.7
10.420,-7.9,-2.2,-5.2,9.7
10.430,-7.9,-2.2,-5.2,9.7
10.440,-7.9,-2.2,-5.2,9.7
10.450,-8.1,-2.6,-4.8,9.8
10.460,-8.1,-2.6,-4.8,9.8
10.470,-8.1,-2.6,-4.8,9.8
10.480,-8.1,-2.6,-4.8,9.8
10.490,-8.1,-2.6,-4.8,9.8
10.500,-7.5,-2.7,-5.1,9.5
10.510,-7.5,-2.7,-5.1,9.5
10.520,-7.5,-2.7,-5.1,9.5
10.530,-7.5,-2.7,-5.1,9.5
10.540,-7.5,-2.7,-5.1,9.5
10.550,-8.1,-3.1,-4.7,9.8
10.560,-8.1,-3.1,-4.7,9.8
10.570,-8.1,-3.1,-4.7,9.8
10.580,-8.1,-3.1,-4.7,9.8
10.590,-7.8,-2.6,-4.2,9.3
10.600,-7.8,-2.6,-4.2,9.3
10.610,-7.8,-2.6,-4.2,9.3
10.620,-7.8,-2.6,-4.2,9.3
10.630,-7.8,-2.6,-4.2,9.3
10.640,-7.9,-2.9,-4.1,9.4
10.650,-7.9,-2.9,-4.1,9.4
10.660,-7.9,-2.9,-4.1,9.4
10.670,-7.9,-2.9,-4.1,9.4
10.680,-7.9,-2.9,-4.1,9.4
10.690,-7.6,-2.2,-4.2,9.0
10.700,-7.6,-2.2,-4.2,9.0
10.710,-7.6,-2.2,-4.2,9.0
10.720,-7.6,-2.2,-4.2,9.0
10.730,-8.7,-1.6,-5.7,10.5
10.740,-8.7,-1.6,-5.7,10.5
10.750,-8.7,-1.6,-5.7,10.5
10.760,-8.7,-1.6,-5.7,10.5
10.770,-8.7,-1.6,-5.7,10.5
10.780,-8.6,0.1,-4.8,9.8
10.790,-8.6,0.1,-4.8,9.8
10.800,-8.6,0.1,-4.8,9.8
10.810,-8.6,0.1,-4.8,9.8
10.820,-9.0,-0.7,-4.9,10.3
10.830,-9.0,-0.7,-4.9,10.3
10.840,-9.0,-0.7,-4.9,10.3
10.850,-9.0,-0.7,-4.9,10.3
10.860,-9.0,-0.7,-4.9,10.3
10.870,-7.7,0.0,-5.0,9.1
10.880,-7.7,0.0,-5.0,9.1
10.890,-7.7,0.0,-5.0,9.1
10.900,-7.7,0.0,-5.0,9.1
10.910,-7.7,0.0,-5.0,9.1
10.920,-9.3,0.0,-5.2,10.7
10.930,-9.3,0.0,-5.2,10.7
10.940,-9.3,0.0,-5.2,10.7
10.950,-9.3,0.0,-5.2,10.7
10.960,-9.0,-0.1,-5.6,10.6
10.970,-9.0,-0.1,-5.6,10.6
10.980,-9.0,-0.1,-5.6,10.6
10.990,-9.0,-0.1,-5.6,10.6
11.000,-9.0,-0.1,-5.6,10.6
11.010,-9.4,1.3,-5.1,10.7
11.020,-9.4,1.3,-5.1,10.7
11.030,-9.4,1.3,-5.1,10.7
11.040,-9.4,1.3,-5.1,10.7
11.050,-10.4,1.5,-4.8,11.6
11.060,-10.4,1.5,-4.8,11.6
11.070,-10.4,1.5,-4.8,11.6
11.080,-10.4,1.5,-4.8,11.6
11.090,-10.4,1.5,-4.8,11.6
11.100,-8.8,1.6,-4.7,10.1
11.110,-8.8,1.6,-4.7,10.1
11.120,-8.8,1.6,-4.7,10.1
11.130,-8.8,1.6,-4.7,10.1
11.140,-8.8,1.6,-4.7,10.1
11.150,-8.4,0.1,-4.8,9.7
11.160,-8.4,0.1,-4.8,9.7
11.170,-8.4,0.1,-4.8,9.7
11.180,-8.4,0.1,-4.8,9.7
11.190,-8.4,0.1,-4.8,9.7
11.200,-11.2,1.5,-5.4,12.6
11.210,-11.2,1.5,-5.4,12.6
11.220,-11.2,1.5,-5.4,12.6
11.230,-11.2,1.5,-5.4,12.6
11.240,-9.2,1.1,-4.3,10.2
11.250,-9.2,1.1,-4.3,10.2
11.260,-9.2,1.1,-4.3,10.2
11.270,-9.2,1.1,-4.3,10.2
11.280,-9.2,1.1,-4.3,10.2
11.290,-8.9,2.1,-3.9,10.0
11.300,-8.9,2.1,-3.9,10.0
11.310,-8.9,2.1,-3.9,10.0
11.320,-8.9,2.1,-3.9,10.0
11.330,-8.8,4.0,-3.8,10.4
11.340,-8.8,4.0,-3.8,10.4
11.350,-8.8,4.0,-3.8,10.4
11.360,-8.8,4.0,-3.8,10.4
11.370,-8.8,4.0,-3.8,10.4
11.380,-8.4,3.7,-4.6,10.2
11.390,-8.4,3.7,-4.6,10.2
11.400,-8.4,3.7,-4.6,10.2
11.410,-8.4,3.7,-4.6,10.2
11.420,-8.4,3.7,-4.6,10.2
11.430,-8.4,3.9,-5.2,10.7
11.440,-8.4,3.9,-5.2,10.7
11.450,-8.4,3.9,-5.2,10.7
11.460,-8.4,3.9,-5.2,10.7
11.470,-8.4,2.4,-3.8,9.5
11.480,-8.4,2.4,-3.8,9.5
11.490,-8.4,2.4,-3.8,9.5
11.500,-8.4,2.4,-3.8,9.5
11.510,-8.4,2.4,-3.8,9.5
11.520,-8.5,1.6,-4.0,9.5
11.530,-8.5,1.6,-4.0,9.5
11.540,-8.5,1.6,-4.0,9.5
11.550,-8.5,1.6,-4.0,9.5
11.560,-8.3,0.4,-4.4,9.4
11.570,-8.3,0.4,-4.4,9.4
11.580,-8.3,0.4,-4.4,9.4
11.590,-8.3,0.4,-4.4,9.4
11.600,-8.3,0.4,-4.4,9.4
11.610,-9.0,0.6,-3.4,9.7
11.620,-9.0,0.6,-3.4,9.7
11.630,-9.0,0.6,-3.4,9.7
11.640,-9.0,0.6,-3.4,9.7
11.650,-9.0,0.6,-3.4,9.7
11.660,-8.9,0.9,-3.1,9.5
11.670,-8.9,0.9,-3.1,9.5
11.680,-8.9,0.9,-3.1,9.5
11.690,-8.9,0.9,-3.1,9.5
11.700,-8.9,0.9,-3.1,9.5
11.710,-8.6,1.0,-3.3,9.3
11.720,-9.4,-0.2,-3.8,10.2
11.730,-9.4,-0.2,-3.8,10.2
11.740,-9.4,-0.2,-3.8,10.2
11.750,-9.4,-0.2,-3.8,10.2
11.760,-9.4,-0.2,-3.8,10.2
11.770,-8.7,0.3,-4.0,9.6
11.780,-8.7,0.3,-4.0,9.6
11.790,-8.7,0.3,-4.0,9.6
11.800,-8.7,0.3,-4.0,9.6
11.810,-8.7,0.3,-4.0,9.6
11.820,-9.8,0.7,-4.6,10.8
11.830,-9.8,0.7,-4.6,10.8
11.840,-9.8,0.7,-4.6,10.8
11.850,-9.8,0.7,-4.6,10.8
11.860,-9.8,0.7,-4.6,10.8
11.870,-8.6,-0.7,-6.0,10.5
11.880,-8.6,-0.7,-6.0,10.5
11.890,-8.6,-0.7,-6.0,10.5
11.900,-8.6,-0.7,-6.0,10.5
11.910,-8.6,-0.7,-6.0,10.5
11.920,-7.2,-2.1,-4.9,9.0
11.930,-7.2,-2.1,-4.9,9.0
11.940,-7.2,-2.1,-4.9,9.0
11.950,-7.2,-2.1,-4.9,9.0
11.960,-8.4,-2.3,-5.0,10.0
11.970,-8.4,-2.3,-5.0,10.0
11.980,-8.4,-2.3,-5.0,10.0
11.990,-8.4,-2.3,-5.0,10.0
12.000,-8.4,-2.3,-5.0,10.0
12.010,-7.1,-2.7,-4.2,8.6
12.020,-7.1,-2.7,-4.2,8.6
12.030,-7.1,-2.7,-4.2,8.6
12.040,-7.1,-2.7,-4.2,8.6
12.050,-8.8,-2.0,-5.0,10.3
12.060,-8.8,-2.0,-5.0,10.3
12.070,-8.8,-2.0,-5.0,10.3
12.080,-8.8,-2.0,-5.0,10.3
12.090,-8.8,-2.0,-5.0,10.3
12.100,-8.2,-0.9,-4.5,9.4
12.110,-8.2,-0.9,-4.5,9.4
12.120,-8.2,-0.9,-4.5,9.4
12.130,-8.2,-0.9,-4.5,9.4
12.140,-8.2,-0.9,-4.5,9.4
12.150,-8.9,-1.3,-4.6,10.1
12.160,-8.9,-1.3,-4.6,10.1
12.170,-8.9,-1.3,-4.6,10.1
12.180,-8.9,-1.3,-4.6,10.1
12.190,-8.8,-1.5,-4.5,10.0
12.200,-8.8,-1.5,-4.5,10.0
12.210,-8.8,-1.5,-4.5,10.0
12.220,-8.8,-1.5,-4.5,10.0
12.230,-8.8,-1.5,-4.5,10.0
12.240,-10.1,-1.2,-4.2,11.0
12.250,-10.1,-1.2,-4.2,11.0
12.260,-10.1,-1.2,-4.2,11.0
12.270,-10.1,-1.2,-4.2,11.0
12.280,-10.1,-1.2,-4.2,11.0
12.290,-8.6,-3.0,-3.8,9.8
12.300,-8.6,-3.0,-3.8,9.8
12.310,-8.6,-3.0,-3.8,9.8
12.320,-8.6,-3.0,-3.8,9.8
12.330,-8.6,-3.0,-3.8,9.8
12.340,-8.0,-2.9,-4.0,9.4
12.350,-8.0,-2.9,-4.0,9.4
12.360,-8.1,-1.8,-4.5,9.5
12.370,-8.1,-1.8,-4.5,9.5
12.380,-8.1,-1.8,-4.5,9.5
12.390,-8.1,-1.8,-4.5,9.5
12.400,-8.4,-0.7,-4.7,9.6
12.410,-8.4,-0.7,-4.7,9.6
12.420,-8.4,-0.7,-4.7,9.6
12.430,-8.4,-0.7,-4.7,9.6
12.440,-8.4,-0.7,-4.7,9.6
12.450,-8.6,0.2,-4.5,9.7
12.460,-8.6,0.2,-4.5,9.7
12.470,-8.6,0.2,-4.5,9.7
12.480,-8.6,0.2,-4.5,9.7
12.490,-8.6,0.2,-4.5,9.7
12.500,-7.8,-0.6,-4.6,9.1
12.510,-7.8,-0.6,-4.6,9.1
12.520,-7.8,-0.6,-4.6,9.1
12.530,-7.8,-0.6,-4.6,9.1
12.540,-7.8,-1.2,-5.7,9.7
12.550,-7.8,-1.2,-5.7,9.7
12.560,-7.8,-1.2,-5.7,9.7
12.570,-7.8,-1.2,-5.7,9.7
12.580,-6.7,-1.2,-7.0,9.8
12.590,-6.7,-1.2,-7.0,9.8
12.600,-6.7,-1.2,-7.0,9.8
12.610,-6.7,-1.2,-7.0,9.8
12.620,-6.7,-1.2,-7.0,9.8
12.630,-7.8,-0.5,-5.7,9.7
12.640,-7.8,-0.5,-5.7,9.7
12.650,-7.8,-0.5,-5.7,9.7
12.660,-7.8,-0.5,-5.7,9.7
12.670,-7.8,-0.5,-5.7,9.7
12.680,-6.1,-1.0,-7.2,9.5
12.690,-6.1,-1.0,-7.2,9.5
12.700,-6.1,-1.0,-7.2,9.5
12.710,-6.1,-1.0,-7.2,9.5
12.720,-6.1,-1.0,-7.2,9.5
12.730,-7.5,-1.8,-6.0,9.8
12.740,-7.5,-1.8,-6.0,9.8
12.750,-7.5,-1.8,-6.0,9.8
12.760,-7.5,-1.8,-6.0,9.8
12.770,-7.6,-0.6,-7.3,10.5
12.780,-7.6,-0.6,-7.3,10.5
12.790,-7.6,-0.6,-7.3,10.5
12.800,-7.6,-0.6,-7.3,10.5
12.810,-7.7,-0.8,-7.1,10.5
12.820,-7.7,-0.8,-7.1,10.5
12.830,-7.7,-0.8,-7.1,10.5
12.840,-7.7,-0.8,-7.1,10.5
12.850,-7.7,-0.8,-7.1,10.5
12.860,-8.7,-0.8,-6.8,11.0
12.870,-8.7,-0.8,-6.8,11.0
12.880,-8.7,-0.8,-6.8,11.0
12.890,-8.7,-0.8,-6.8,11.0
12.900,-8.7,-0.8,-6.8,11.0
12.910,-8.6,-0.1,-7.2,11.2
12.920,-8.6,-0.1,-7.2,11.2
12.930,-8.6,-0.1,-7.2,11.2
12.940,-8.6,-0.1,-7.2,11.2
12.950,-8.6,-0.1,-7.2,11.2
12.960,-7.6,-0.3,-6.1,9.8
12.970,-7.6,-0.3,-6.1,9.8
12.980,-7.6,-0.3,-6.1,9.8
12.990,-7.6,-0.3,-6.1,9.8
13.000,-8.1,-1.1,-5.2,9.7
13.010,-8.1,-1.1,-5.2,9.7
13.020,-8.1,-1.1,-5.2,9.7
13.030,-8.1,-1.1,-5.2,9.7
13.040,-8.1,-1.1,-5.2,9.7
13.050,-7.0,-1.2,-5.8,9.2
13.060,-7.0,-1.2,-5.8,9.2
13.070,-7.0,-1.2,-5.8,9.2
13.080,-7.0,-1.2,-5.8,9.2
13.090,-7.7,-1.1,-4.8,9.2
13.100,-7.7,-1.1,-4.8,9.2
13.110,-7.7,-1.1,-4.8,9.2
13.120,-7.7,-1.1,-4.8,9.2
13.130,-7.7,-1.1,-4.8,9.2
13.140,-8.2,-0.7,-5.9,10.1
13.150,-8.2,-0.7,-5.9,10.1
13.160,-8.2,-0.7,-5.9,10.1
13.170,-8.2,-0.7,-5.9,10.1
13.180,-8.2,-0.7,-5.9,10.1
13.190,-8.2,-0.3,-6.0,10.2
13.200,-8.2,-0.3,-6.0,10.2
13.210,-8.2,-0.3,-6.0,10.2
13.220,-8.2,-0.3,-6.0,10.2
13.230,-8.2,-0.3,-6.0,10.2
13.240,-7.8,0.1,-6.0,9.9
13.250,-7.8,0.1,-6.0,9.9
13.260,-7.8,0.1,-6.0,9.9
13.270,-7.8,0.1,-6.0,9.9
13.280,-7.8,0.1,-6.0,9.9
13.290,-8.6,0.2,-5.3,10.1
13.300,-8.6,0.2,-5.3,10.1
13.310,-8.1,-0.6,-4.5,9.3
13.320,-8.1,-0.6,-4.5,9.3
13.330,-8.1,-0.6,-4.5,9.3
13.340,-8.1,-0.6,-4.5,9.3
13.350,-8.1,-0.6,-4.5,9.3
13.360,-8.4,-0.9,-3.5,9.2
13.370,-8.4,-0.9,-3.5,9.2
13.380,-8.4,-0.9,-3.5,9.2
13.390,-8.4,-0.9,-3.5,9.2
13.400,-8.4,-0.9,-3.5,9.2
13.410,-7.9,-2.3,-4.5,9.4
13.420,-7.9,-2.3,-4.5,9.4
13.430,-7.9,-2.3,-4.5,9.4
13.440,-7.9,-2.3,-4.5,9.4
13.450,-7.9,-2.3,-4.5,9.4
13.460,-8.4,-2.0,-3.6,9.3
13.470,-8.4,-2.0,-3.6,9.3
13.480,-8.4,-2.0,-3.6,9.3
13.490,-8.4,-2.0,-3.6,9.3
13.500,-8.3,-0.1,-4.4,9.4
13.510,-8.3,-0.1,-4.4,9.4
13.520,-8.3,-0.1,-4.4,9.4
13.530,-8.3,-0.1,-4.4,9.4
13.540,-8.3,-0.1,-4.4,9.4
13.550,-7.9,-1.6,-1.5,8.2
13.560,-7.9,-1.6,-1.5,8.2
13.570,-7.9,-1.6,-1.5,8.2
13.580,-7.9,-1.6,-1.5,8.2
13.590,-7.9,-1.6,-1.5,8.2
13.600,-8.1,-3.0,-2.2,8.9
13.610,-8.1,-3.0,-2.2,8.9
13.620,-8.1,-3.0,-2.2,8.9
13.630,-8.1,-3.0,-2.2,8.9
13.640,-8.1,-3.0,-2.2,8.9
13.650,-6.2,-3.1,-4.9,8.5
13.660,-6.2,-3.1,-4.9,8.5
13.670,-6.2,-3.1,-4.9,8.5
13.680,-6.2,-3.1,-4.9,8.5
13.690,-7.5,-2.6,-1.7,8.1
13.700,-7.5,-2.6,-1.7,8.1
13.710,-7.5,-2.6,-1.7,8.1
13.720,-7.5,-2.6,-1.7,8.1
13.730,-7.5,-2.6,-1.7,8.1
13.740,-8.5,-3.1,-2.3,9.3
13.750,-8.5,-3.1,-2.3,9.3
13.760,-8.5,-3.1,-2.3,9.3
13.770,-8.5,-3.1,-2.3,9.3
13.780,-8.5,-3.1,-2.3,9.3
13.790,-10.4,-1.1,-4.6,11.4
13.800,-10.4,-1.1,-4.6,11.4
13.810,-10.4,-1.1,-4.6,11.4
13.820,-10.4,-1.1,-4.6,11.4
13.830,-13.3,-3.8,-6.8,15.4
13.840,-13.3,-3.8,-6.8,15.4
13.850,-13.3,-3.8,-6.8,15.4
13.860,-13.3,-3.8,-6.8,15.4
13.870,-13.3,-3.8,-6.8,15.4
13.880,-13.6,-3.2,-7.4,15.8
13.890,-13.6,-3.2,-7.4,15.8
13.900,-13.6,-3.2,-7.4,15.8
13.910,-13.6,-3.2,-7.4,15.8
13.920,-13.6,-3.2,-7.4,15.8
13.930,-10.6,-2.5,-4.0,11.6
13.940,-10.6,-2.5,-4.0,11.6
13.950,-10.6,-2.5,-4.0,11.6
13.960,-10.6,-2.5,-4.0,11.6
13.970,-10.6,-2.5,-4.0,11.6
13.980,-8.6,0.8,-5.2,10.0
13.990,-8.6,0.8,-5.2,10.0
14.000,-8.6,0.8,-5.2,10.0
14.010,-8.6,0.8,-5.2,10.0
14.020,-8.6,0.8,-5.2,10.0
14.030,-9.0,0.5,-2.6,9.4
14.040,-9.0,0.5,-2.6,9.4
14.050,-9.0,0.5,-2.6,9.4
14.060,-9.0,0.5,-2.6,9.4
14.070,-6.2,0.4,-3.4,7.1
14.080,-6.2,0.4,-3.4,7.1
14.090,-6.2,0.4,-3.4,7.1
14.100,-6.2,0.4,-3.4,7.1
14.110,-6.2,0.4,-3.4,7.1
14.120,-7.2,-0.3,-4.6,8.6
14.130,-7.2,-0.3,-4.6,8.6
14.140,-7.2,-0.3,-4.6,8.6
14.150,-7.2,-0.3,-4.6,8.6
14.160,-7.2,-0.3,-4.6,8.6
14.170,-7.3,-0.7,-4.9,8.8
14.180,-7.3,-0.7,-4.9,8.8
14.190,-9.0,0.0,-5.5,10.6
14.200,-9.0,0.0,-5.5,10.6
14.210,-9.0,0.0,-5.5,10.6
14.220,-9.0,0.0,-5.5,10.6
14.230,-9.0,0.0,-5.5,10.6
14.240,-10.7,1.5,-5.5,12.1
14.250,-10.7,1.5,-5.5,12.1
14.260,-10.7,1.5,-5.5,12.1
14.270,-10.7,1.5,-5.5,12.1
14.280,-9.2,0.0,-5.0,10.4
14.290,-9.2,0.0,-5.0,10.4
14.300,-9.2,0.0,-5.0,10.4
14.310,-9.2,0.0,-5.0,10.4
14.320,-9.2,0.0,-5.0,10.4
14.330,-8.6,-0.5,-4.5,9.7
14.340,-8.6,-0.5,-4.5,9.7
14.350,-8.6,-0.5,-4.5,9.7
14.360,-8.6,-0.5,-4.5,9.7
14.370,-8.6,-0.5,-4.5,9.7
14.380,-8.5,0.3,-4.1,9.4
14.390,-8.5,0.3,-4.1,9.4
14.400,-8.5,0.3,-4.1,9.4
14.410,-8.5,0.3,-4.1,9.4
14.420,-8.5,0.3,-4.1,9.4
14.430,-8.7,0.5,-4.0,9.6
14.440,-8.7,0.5,-4.0,9.6
14.450,-8.7,0.5,-4.0,9.6
14.460,-8.7,0.5,-4.0,9.6
14.470,-8.7,0.5,-4.0,9.6
14.480,-9.6,0.1,-4.0,10.4
14.490,-9.6,0.1,-4.0,10.4
14.500,-9.6,0.1,-4.0,10.4
14.510,-9.6,0.1,-4.0,10.4
14.520,-8.4,0.2,-4.1,9.4
14.530,-8.4,0.2,-4.1,9.4
14.540,-8.4,0.2,-4.1,9.4
14.550,-8.4,0.2,-4.1,9.4
14.560,-8.4,0.2,-4.1,9.4
14.570,-10.1,-0.3,-4.2,11.0
14.580,-10.1,-0.3,-4.2,11.0
14.590,-10.1,-0.3,-4.2,11.0
14.600,-10.1,-0.3,-4.2,11.0
14.610,-9.5,-0.4,-3.4,10.1
14.620,-9.5,-0.4,-3.4,10.1
14.630,-9.5,-0.4,-3.4,10.1
14.640,-9.5,-0.4,-3.4,10.1
14.650,-9.5,-0.4,-3.4,10.1
14.660,-9.4,-0.6,-3.1,9.9
14.670,-9.4,-0.6,-3.1,9.9
14.680,-9.4,-0.6,-3.1,9.9
14.690,-9.4,-0.6,-3.1,9.9
14.700,-9.7,-1.2,-2.8,10.2
14.710,-9.7,-1.2,-2.8,10.2
14.720,-9.7,-1.2,-2.8,10.2
14.730,-9.7,-1.2,-2.8,10.2
14.740,-9.7,-1.2,-2.8,10.2
14.750,-9.4,-0.2,-2.8,9.8
14.760,-9.4,-0.2,-2.8,9.8
14.770,-9.4,-0.2,-2.8,9.8
14.780,-9.4,-0.2,-2.8,9.8
14.790,-9.4,-0.2,-2.8,9.8
14.800,-9.6,-0.8,-2.6,9.9
14.810,-9.6,-0.8,-2.6,9.9
14.820,-9.6,-0.8,-2.6,9.9
14.830,-9.6,-0.8,-2.6,9.9
14.840,-9.6,-0.8,-2.6,9.9
14.850,-9.6,-0.7,-2.9,10.0
14.860,-9.6,-0.7,-2.9,10.0
14.870,-9.6,-0.7,-2.9,10.0
14.880,-9.6,-0.7,-2.9,10.0
14.890,-9.6,-0.7,-2.9,10.0
14.900,-9.3,-0.4,-3.3,9.9
14.910,-9.3,-0.4,-3.3,9.9
14.920,-9.3,-0.4,-3.3,9.9
14.930,-9.3,-0.4,-3.3,9.9
14.940,-9.3,-0.4,-3.3,9.9
14.950,-9.4,-0.6,-2.8,9.8
14.960,-9.4,-0.6,-2.8,9.8
14.970,-9.4,-0.6,-2.8,9.8
14.980,-9.4,-0.6,-2.8,9.8
14.990,-9.4,-0.6,-2.8,9.8
15.000,-9.4,-1.1,-2.7,9.8
15.010,-9.4,-1.1,-2.7,9.8
15.020,-9.4,-1.1,-2.7,9.8
15.030,-9.4,-1.1,-2.7,9.8
15.040,-9.4,-1.1,-2.7,9.8
15.050,-9.5,-0.9,-2.8,9.9
15.060,-9.5,-0.9,-2.8,9.9
15.070,-9.5,-0.9,-2.8,9.9
15.080,-9.5,-0.9,-2.8,9.9
15.090,-9.5,-0.9,-2.8,9.9
15.100,-9.7,-0.8,-2.7,10.1
15.110,-9.7,-0.8,-2.7,10.1
15.120,-9.7,-0.8,-2.7,10.1
15.130,-9.7,-0.8,-2.7,10.1
15.140,-9.7,-0.8,-2.7,10.1
15.150,-9.3,-0.9,-3.2,9.9
15.160,-9.3,-0.9,-3.2,9.9
15.170,-9.3,-0.9,-3.2,9.9
15.180,-9.3,-0.9,-3.2,9.9
15.190,-9.3,-1.3,-3.1,9.9
15.200,-9.3,-1.3,-3.1,9.9
15.210,-9.3,-1.3,-3.1,9.9
15.220,-9.3,-1.3,-3.1,9.9
15.230,-9.4,-1.3,-3.3,10.1
15.240,-9.4,-1.3,-3.3,10.1
15.250,-9.4,-1.3,-3.3,10.1
15.260,-9.4,-1.3,-3.3,10.1
15.270,-9.4,-1.3,-3.3,10.1
15.280,-9.5,-1.5,-3.0,10.1
15.290,-9.5,-1.5,-3.0,10.1
15.300,-9.5,-1.5,-3.0,10.1
15.310,-9.5,-1.5,-3.0,10.1
15.320,-9.5,-1.5,-3.0,10.1
15.330,-9.7,-1.9,-3.3,10.4
15.340,-9.7,-1.9,-3.3,10.4
15.350,-9.7,-1.9,-3.3,10.4
15.360,-9.7,-1.9,-3.3,10.4
15.370,-9.7,-1.9,-3.3,10.4
15.380,-9.9,-1.8,-3.3,10.6
15.390,-9.9,-1.8,-3.3,10.6
15.400,-9.9,-1.8,-3.3,10.6
15.410,-9.9,-1.8,-3.3,10.6
15.420,-9.9,-1.8,-3.3,10.6
15.430,-9.4,-0.7,-3.5,10.1
15.440,-9.4,-0.7,-3.5,10.1
15.450,-9.4,-0.7,-3.5,10.1
15.460,-9.4,-0.7,-3.5,10.1
15.470,-8.9,-0.3,-4.0,9.8
15.480,-8.9,-0.3,-4.0,9.8
15.490,-8.9,-0.3,-4.0,9.8
15.500,-8.9,-0.3,-4.0,9.8
15.510,-8.9,-0.3,-4.0,9.8
15.520,-9.2,-1.3,-4.7,10.4
15.530,-9.2,-1.3,-4.7,10.4
15.540,-9.2,-1.3,-4.7,10.4
15.550,-9.2,-1.3,-4.7,10.4
15.560,-9.2,-1.3,-4.7,10.4
15.570,-8.6,-0.1,-4.7,9.8
15.580,-8.6,-0.1,-4.7,9.8
15.590,-8.6,-0.1,-4.7,9.8
15.600,-8.6,-0.1,-4.7,9.8
15.610,-7.9,-0.5,-5.2,9.5
15.620,-7.9,-0.5,-5.2,9.5
15.630,-7.9,-0.5,-5.2,9.5
15.640,-7.9,-0.5,-5.2,9.5
15.650,-7.9,-0.5,-5.2,9.5
15.660,-8.6,-0.6,-5.0,10.0
15.670,-8.6,-0.6,-5.0,10.0
15.680,-8.6,-0.6,-5.0,10.0
15.690,-8.6,-0.6,-5.0,10.0
15.700,-8.6,-0.6,-5.0,10.0
15.710,-8.1,0.0,-4.9,9.5
15.720,-8.1,0.0,-4.9,9.5
15.730,-8.4,-0.2,-5.2,9.9
15.740,-8.4,-0.2,-5.2,9.9
15.750,-8.4,-0.2,-5.2,9.9
15.760,-8.4,-0.2,-5.2,9.9
15.770,-8.4,-0.2,-5.2,9.9
15.780,-8.5,-1.2,-5.4,10.2
15.790,-8.5,-1.2,-5.4,10.2
15.800,-8.5,-1.2,-5.4,10.2
15.810,-8.5,-1.2,-5.4,10.2
15.820,-8.5,-1.2,-5.4,10.2
15.830,-8.7,0.0,-5.4,10.2
15.840,-8.7,0.0,-5.4,10.2
15.850,-8.7,0.0,-5.4,10.2
15.860,-8.7,0.0,-5.4,10.2
15.870,-8.7,0.0,-5.4,10.2
15.880,-8.3,-0.1,-4.7,9.6
15.890,-8.3,-0.1,-4.7,9.6
15.900,-8.3,-0.1,-4.7,9.6
15.910,-8.3,-0.1,-4.7,9.6
15.920,-8.3,-0.1,-4.7,9.6
15.930,-8.3,0.3,-5.0,9.7
15.940,-8.3,0.3,-5.0,9.7
15.950,-8.3,0.3,-5.0,9.7
15.960,-8.3,0.3,-5.0,9.7
15.970,-8.3,0.3,-5.0,9.7
15.980,-8.3,0.3,-5.0,9.7
15.990,-7.3,0.4,-5.3,9.0
16.000,-7.3,0.4,-5.3,9.0
16.010,-7.3,0.4,-5.3,9.0
16.020,-7.3,0.4,-5.3,9.0
16.030,-8.3,0.2,-4.7,9.5
16.040,-8.3,0.2,-4.7,9.5
16.050,-8.3,0.2,-4.7,9.5
16.060,-8.3,0.2,-4.7,9.5
16.070,-8.3,0.2,-4.7,9.5
16.080,-8.1,0.7,-5.4,9.7
16.090,-8.1,0.7,-5.4,9.7
16.100,-8.1,0.7,-5.4,9.7
16.110,-8.1,0.7,-5.4,9.7
16.120,-9.0,0.2,-5.0,10.3
16.130,-9.0,0.2,-5.0,10.3
16.140,-9.0,0.2,-5.0,10.3
16.150,-9.0,0.2,-5.0,10.3
16.160,-9.1,0.9,-5.0,10.4
16.170,-9.1,0.9,-5.0,10.4
16.180,-9.1,0.9,-5.0,10.4
16.190,-8.2,0.5,-5.1,9.7
16.200,-8.2,0.5,-5.1,9.7
16.210,-8.2,0.5,-5.1,9.7
16.220,-8.2,0.5,-5.1,9.7
16.230,-8.2,0.5,-5.1,9.7
16.240,-8.8,0.1,-4.9,10.1
16.250,-8.8,0.1,-4.9,10.1
16.260,-8.8,0.1,-4.9,10.1
16.270,-9.0,0.2,-4.4,10.0
16.280,-9.0,0.2,-4.4,10.0
16.290,-9.0,0.2,-4.4,10.0
16.300,-9.0,0.2,-4.4,10.0
16.310,-9.0,0.2,-4.4,10.0
16.320,-8.6,-0.1,-4.3,9.6
16.330,-8.6,-0.1,-4.3,9.6
16.340,-8.6,-0.1,-4.3,9.6
16.350,-8.6,-0.1,-4.3,9.6
16.360,-8.6,-0.1,-4.3,9.6
16.370,-9.3,-1.0,-3.4,9.9
16.380,-9.3,-1.0,-3.4,9.9
16.390,-9.3,-1.0,-3.4,9.9
16.400,-9.3,-1.0,-3.4,9.9
16.410,-8.6,-0.4,-5.1,10.0
16.420,-8.6,-0.4,-5.1,10.0
16.430,-8.6,-0.4,-5.1,10.0
16.440,-8.6,-0.4,-5.1,10.0
16.450,-8.6,-0.4,-5.1,10.0
16.460,-9.7,-1.6,-4.0,10.6
16.470,-9.7,-1.6,-4.0,10.6
16.480,-9.7,-1.6,-4.0,10.6
16.490,-9.7,-1.6,-4.0,10.6
16.500,-9.7,-1.6,-4.0,10.6
16.510,-10.2,-0.3,-4.2,11.0
16.520,-10.2,-0.3,-4.2,11.0
16.530,-10.2,-0.3,-4.2,11.0
16.540,-10.2,-0.3,-4.2,11.0
16.550,-10.2,-0.3,-4.2,11.0
16.560,-8.4,-2.6,-3.4,9.4
16.570,-8.4,-2.6,-3.4,9.4
16.580,-8.4,-2.6,-3.4,9.4
16.590,-8.4,-2.6,-3.4,9.4
16.600,-7.9,-1.9,-5.1,9.6
16.610,-7.9,-1.9,-5.1,9.6
16.620,-7.9,-1.9,-5.1,9.6
16.630,-7.9,-1.9,-5.1,9.6
16.640,-7.9,-1.9,-5.1,9.6
16.650,-9.1,-2.9,-3.3,10.1
16.660,-9.1,-2.9,-3.3,10.1
16.670,-9.1,-2.9,-3.3,10.1
16.680,-9.1,-2.9,-3.3,10.1
16.690,-9.1,-2.9,-3.3,10.1
16.700,-8.6,-0.6,-4.6,9.8
16.710,-8.6,-0.6,-4.6,9.8
16.720,-8.6,-0.6,-4.6,9.8
16.730,-8.6,-0.6,-4.6,9.8
16.740,-8.6,-0.6,-4.6,9.8
16.750,-9.5,-3.0,-1.4,10.1
16.760,-9.5,-3.0,-1.4,10.1
16.770,-9.5,-3.0,-1.4,10.1
16.780,-9.5,-3.0,-1.4,10.1
16.790,-8.7,-4.2,-3.5,10.3
16.800,-8.7,-4.2,-3.5,10.3
16.810,-8.7,-4.2,-3.5,10.3
16.820,-8.7,-4.2,-3.5,10.3
16.830,-8.7,-4.2,-3.5,10.3
16.840,-10.3,-1.9,-2.6,10.8
16.850,-10.3,-1.9,-2.6,10.8
16.860,-10.3,-1.9,-2.6,10.8
16.870,-10.3,-1.9,-2.6,10.8
16.880,-10.3,-1.9,-2.6,10.8
16.890,-9.7,-1.0,-3.9,10.5
16.900,-9.7,-1.0,-3.9,10.5
16.910,-9.7,-1.0,-3.9,10.5
16.920,-9.7,-1.0,-3.9,10.5
16.930,-9.2,-1.1,-1.4,9.4
16.940,-9.2,-1.1,-1.4,9.4
16.950,-9.2,-1.1,-1.4,9.4
16.960,-9.2,-1.1,-1.4,9.4
16.970,-9.2,-1.1,-1.4,9.4
16.980,-9.9,-2.6,-5.1,11.5
16.990,-9.9,-2.6,-5.1,11.5
17.000,-9.9,-2.6,-5.1,11.5
17.010,-9.9,-2.6,-5.1,11.5
17.020,-9.9,-2.6,-5.1,11.5
17.030,-7.3,-3.2,-4.3,9.1
17.040,-7.3,-3.2,-4.3,9.1
17.050,-7.3,-3.2,-4.3,9.1
17.060,-7.3,-3.2,-4.3,9.1
17.070,-7.3,-3.2,-4.3,9.1
17.080,-7.3,-3.2,-4.3,9.1
17.090,-9.5,-2.5,-4.5,10.8
17.100,-9.5,-2.5,-4.5,10.8
17.110,-9.5,-2.5,-4.5,10.8
17.120,-9.5,-2.5,-4.5,10.8
17.130,-9.5,-2.5,-4.5,10.8
17.140,-8.9,-1.8,-3.9,9.9
17.150,-8.9,-1.8,-3.9,9.9
17.160,-8.9,-1.8,-3.9,9.9
17.170,-8.9,-1.8,-3.9,9.9
17.180,-9.8,-2.1,-4.6,11.0
17.190,-9.8,-2.1,-4.6,11.0
17.200,-9.8,-2.1,-4.6,11.0
17.210,-7.4,-0.8,-4.7,8.8
17.220,-7.4,-0.8,-4.7,8.8
17.230,-7.4,-0.8,-4.7,8.8
17.240,-7.4,-0.8,-4.7,8.8
17.250,-7.9,-2.5,-3.8,9.1
17.260,-7.9,-2.5,-3.8,9.1
17.270,-7.9,-2.5,-3.8,9.1
17.280,-7.9,-2.5,-3.8,9.1
17.290,-7.9,-2.5,-3.8,9.1
17.300,-6.0,-3.5,-4.0,8.1
17.310,-6.0,-3.5,-4.0,8.1
17.320,-6.0,-3.5,-4.0,8.1
17.330,-6.0,-3.5,-4.0,8.1
17.340,-6.0,-3.5,-4.0,8.1
17.350,-8.4,-2.4,-5.0,10.0
17.360,-8.4,-2.4,-5.0,10.0
17.370,-8.4,-2.4,-5.0,10.0
17.380,-8.4,-2.4,-5.0,10.0
17.390,-8.4,-2.4,-5.0,10.0
17.400,-9.8,1.0,-4.8,11.0
17.410,-9.8,1.0,-4.8,11.0
17.420,-9.8,1.0,-4.8,11.0
17.430,-9.8,1.0,-4.8,11.0
17.440,-9.9,1.4,-3.6,10.7
17.450,-9.9,1.4,-3.6,10.7
17.460,-9.9,1.4,-3.6,10.7
17.470,-8.9,-1.6,-5.7,10.7
17.480,-8.9,-1.6,-5.7,10.7
17.490,-8.9,-1.6,-5.7,10.7
17.500,-8.9,-1.6,-5.7,10.7
17.510,-8.8,-3.0,-4.6,10.4
17.520,-8.8,-3.0,-4.6,10.4
17.530,-8.8,-3.0,-4.6,10.4
17.540,-8.8,-3.0,-4.6,10.4
17.550,-8.8,-3.0,-4.6,10.4
17.560,-8.1,-3.5,-5.3,10.3
17.570,-8.1,-3.5,-5.3,10.3
17.580,-8.1,-3.5,-5.3,10.3
17.590,-8.1,-3.5,-5.3,10.3
17.600,-9.7,0.2,-5.8,11.3
17.610,-9.7,0.2,-5.8,11.3
17.620,-9.7,0.2,-5.8,11.3
17.630,-9.7,0.2,-5.8,11.3
17.640,-9.7,0.2,-5.8,11.3
17.650,-6.6,-3.0,-4.2,8.3
17.660,-6.6,-3.0,-4.2,8.3
17.670,-6.6,-3.0,-4.2,8.3
17.680,-6.6,-3.0,-4.2,8.3
17.690,-6.6,-3.0,-4.2,8.3
17.700,-8.7,-1.2,-4.9,10.1
17.710,-8.7,-1.2,-4.9,10.1
17.720,-8.7,-1.2,-4.9,10.1
17.730,-8.7,-1.2,-4.9,10.1
17.740,-7.9,-2.6,-4.4,9.4
17.750,-7.9,-2.6,-4.4,9.4
17.760,-7.9,-2.6,-4.4,9.4
17.770,-7.9,-2.6,-4.4,9.4
17.780,-7.9,-2.6,-4.4,9.4
17.790,-9.6,-1.6,-4.6,10.8
17.800,-9.6,-1.6,-4.6,10.8
17.810,-9.6,-1.6,-4.6,10.8
17.820,-9.6,-1.6,-4.6,10.8
17.830,-9.6,-1.6,-4.6,10.8
17.840,-10.2,-0.3,-4.9,11.4
17.850,-10.2,-0.3,-4.9,11.4
17.860,-10.2,-0.3,-4.9,11.4
17.870,-9.1,-2.5,-4.5,10.5
17.880,-9.1,-2.5,-4.5,10.5
17.890,-9.1,-2.5,-4.5,10.5
17.900,-9.1,-2.5,-4.5,10.5
17.910,-9.1,-2.5,-4.5,10.5
17.920,-8.9,-1.9,-5.0,10.4
17.930,-8.9,-1.9,-5.0,10.4
17.940,-8.9,-1.9,-5.0,10.4
17.950,-8.9,-1.9,-5.0,10.4
17.960,-8.9,-1.9,-5.0,10.4
17.970,-8.6,-1.3,-4.4,9.7
17.980,-8.6,-1.3,-4.4,9.7
17.990,-8.6,-1.3,-4.4,9.7
18.000,-8.6,-1.3,-4.4,9.7
18.010,-8.2,-1.4,-4.4,9.4
18.020,-8.2,-1.4,-4.4,9.4
18.030,-8.2,-1.4,-4.4,9.4
18.040,-7.7,-1.2,-6.6,10.2
18.050,-7.7,-1.2,-6.6,10.2
18.060,-7.7,-1.2,-6.6,10.2
18.070,-7.7,-1.2,-6.6,10.2
18.080,-7.7,-1.2,-6.6,10.2
18.090,-8.1,-0.7,-5.6,9.9
18.100,-8.1,-0.7,-5.6,9.9
18.110,-8.1,-0.7,-5.6,9.9
18.120,-8.1,-0.7,-5.6,9.9
18.130,-8.1,-0.7,-5.6,9.9
18.140,-9.0,-1.2,-5.4,10.6
18.150,-9.0,-1.2,-5.4,10.6
18.160,-9.0,-1.2,-5.4,10.6
18.170,-9.0,-1.2,-5.4,10.6
18.180,-9.0,-1.2,-5.4,10.6
18.190,-8.4,1.4,-5.4,10.1
18.200,-8.4,1.4,-5.4,10.1
18.210,-8.4,1.4,-5.4,10.1
18.220,-8.4,1.4,-5.4,10.1
18.230,-8.1,-0.3,-5.8,9.9
18.240,-8.1,-0.3,-5.8,9.9
18.250,-8.1,-0.3,-5.8,9.9
18.260,-8.1,-0.3,-5.8,9.9
18.270,-8.1,-0.3,-5.8,9.9
18.280,-7.7,0.1,-6.1,9.9
18.290,-7.7,0.1,-6.1,9.9
18.300,-7.7,0.1,-6.1,9.9
18.310,-7.7,0.1,-6.1,9.9
18.320,-7.7,0.1,-6.1,9.9
18.330,-7.6,0.2,-6.2,9.8
18.340,-7.6,0.2,-6.2,9.8
18.350,-7.6,0.2,-6.2,9.8
18.360,-7.6,0.2,-6.2,9.8
18.370,-7.6,0.2,-6.2,9.8
18.380,-7.2,0.8,-6.6,9.8
18.390,-7.2,0.8,-6.6,9.8
18.400,-7.2,0.8,-6.6,9.8
18.410,-7.2,0.8,-6.6,9.8
18.420,-7.2,0.8,-6.6,9.8
18.430,-6.8,1.7,-6.9,9.9
18.440,-6.8,1.7,-6.9,9.9
18.450,-6.8,1.7,-6.9,9.9
18.460,-6.8,1.7,-6.9,9.9
18.470,-7.0,0.9,-6.9,9.9
18.480,-7.0,0.9,-6.9,9.9
18.490,-7.0,0.9,-6.9,9.9
18.500,-7.0,0.9,-6.9,9.9
18.510,-7.0,0.9,-6.9,9.9
18.520,-7.3,0.5,-7.4,10.4
18.530,-7.3,0.5,-7.4,10.4
18.540,-6.8,1.4,-7.7,10.4
18.550,-6.8,1.4,-7.7,10.4
18.560,-6.8,1.4,-7.7,10.4
18.570,-6.8,1.4,-7.7,10.4
18.580,-7.8,2.7,-8.0,11.4
18.590,-7.8,2.7,-8.0,11.4
18.600,-7.8,2.7,-8.0,11.4
18.610,-7.8,2.7,-8.0,11.4
18.620,-7.8,2.7,-8.0,11.4
18.630,-7.2,2.1,-8.3,11.2
18.640,-7.2,2.1,-8.3,11.2
18.650,-7.2,2.1,-8.3,11.2
18.660,-7.2,2.1,-8.3,11.2
18.670,-7.2,2.1,-8.3,11.2
18.680,-6.9,1.5,-9.0,11.5
18.690,-6.9,1.5,-9.0,11.5
18.700,-6.9,1.5,-9.0,11.5
18.710,-6.9,1.5,-9.0,11.5
18.720,-6.9,1.5,-9.0,11.5
18.730,-7.3,2.5,-8.8,11.7
18.740,-7.3,2.5,-8.8,11.7
18.750,-7.3,2.5,-8.8,11.7
18.760,-7.3,2.5,-8.8,11.7
18.770,-7.3,2.5,-8.8,11.7
18.780,-7.1,2.5,-8.3,11.2
18.790,-7.1,2.5,-8.3,11.2
18.800,-7.1,2.5,-8.3,11.2
18.810,-7.1,2.5,-8.3,11.2
18.820,-7.1,2.5,-8.3,11.2
18.830,-7.0,2.3,-8.8,11.5
18.840,-7.0,2.3,-8.8,11.5
18.850,-7.0,2.3,-8.8,11.5
18.860,-7.0,2.3,-8.8,11.5
18.870,-7.0,0.6,-8.0,10.7
18.880,-7.0,0.6,-8.0,10.7
18.890,-7.0,0.6,-8.0,10.7
18.900,-7.0,0.6,-8.0,10.7
18.910,-7.0,0.6,-8.0,10.7
18.920,-7.5,0.1,-7.3,10.5
18.930,-7.5,0.1,-7.3,10.5
18.940,-7.5,0.1,-7.3,10.5
18.950,-7.5,0.1,-7.3,10.5
18.960,-7.7,-1.5,-6.9,10.4
18.970,-7.7,-1.5,-6.9,10.4
18.980,-7.7,-1.5,-6.9,10.4
18.990,-7.7,-1.5,-6.9,10.4
19.000,-7.7,-1.5,-6.9,10.4
19.010,-7.9,0.4,-6.3,10.1
19.020,-7.9,0.4,-6.3,10.1
19.030,-7.9,0.4,-6.3,10.1
19.040,-7.9,0.4,-6.3,10.1
19.050,-7.9,0.4,-6.3,10.1
19.060,-7.4,-0.6,-7.4,10.5
19.070,-7.4,-0.6,-7.4,10.5
19.080,-7.4,-0.6,-7.4,10.5
19.090,-7.4,-0.6,-7.4,10.5
19.100,-7.4,-0.6,-7.4,10.5
19.110,-6.3,-1.9,-6.5,9.3
19.120,-6.3,-1.9,-6.5,9.3
19.130,-6.3,-1.9,-6.5,9.3
19.140,-6.3,-1.9,-6.5,9.3
19.150,-8.0,-1.0,-5.9,10.0
19.160,-8.0,-1.0,-5.9,10.0
19.170,-8.0,-1.0,-5.9,10.0
19.180,-8.0,-1.0,-5.9,10.0
19.190,-8.0,-1.0,-5.9,10.0
19.200,-5.3,-1.6,-6.4,8.5
19.210,-5.3,-1.6,-6.4,8.5
19.220,-5.3,-1.6,-6.4,8.5
19.230,-5.3,-1.6,-6.4,8.5
19.240,-5.3,-1.6,-6.4,8.5
19.250,-5.9,-1.6,-5.4,8.2
19.260,-5.9,-1.6,-5.4,8.2
19.270,-5.9,-1.6,-5.4,8.2
19.280,-5.9,-1.6,-5.4,8.2
19.290,-5.9,-1.6,-5.4,8.2
19.300,-4.3,-1.0,-6.5,7.8
19.310,-4.3,-1.0,-6.5,7.8
19.320,-4.3,-1.0,-6.5,7.8
19.330,-4.3,-1.0,-6.5,7.8
19.340,-4.3,-1.0,-6.5,7.8
19.350,-3.4,-1.1,-7.9,8.7
19.360,-3.4,-1.1,-7.9,8.7
19.370,-3.4,-1.1,-7.9,8.7
19.380,-3.4,-1.1,-7.9,8.7
19.390,-3.4,-1.1,-7.9,8.7
19.400,-3.4,-1.1,-7.9,8.7
19.410,-3.4,-1.1,-7.9,8.7
19.420,-3.4,-1.1,-7.9,8.7
19.430,-3.4,-1.1,-7.9,8.7
19.440,-3.4,-1.1,-7.9,8.7
19.450,-1.3,0.2,-5.7,5.9
19.460,-1.3,0.2,-5.7,5.9
19.470,-1.3,0.2,-5.7,5.9
19.480,-1.3,0.2,-5.7,5.9
19.490,-1.3,0.2,-5.7,5.9
19.500,-2.2,-0.4,-4.7,5.3
19.510,-2.2,-0.4,-4.7,5.3
19.520,-2.2,-0.4,-4.7,5.3
19.530,-2.2,-0.4,-4.7,5.3
19.540,-2.2,-0.4,-4.7,5.3
19.550,-4.4,0.3,-7.6,8.8
19.560,-4.4,0.3,-7.6,8.8
19.570,-4.4,0.3,-7.6,8.8
19.580,-4.4,0.3,-7.6,8.8
19.590,-4.4,0.3,-7.6,8.8
19.600,-10.8,5.3,-11.7,16.7
19.610,-10.8,5.3,-11.7,16.7
19.620,-10.8,5.3,-11.7,16.7
19.630,-10.8,5.3,-11.7,16.7
19.640,-10.8,5.3,-11.7,16.7
19.650,-10.8,5.3,-11.7,16.7
19.660,-10.8,5.3,-11.7,16.7
19.670,-8.3,2.9,-9.1,12.7
19.680,-8.3,2.9,-9.1,12.7
19.690,-8.3,2.9,-9.1,12.7
19.700,-8.3,2.9,-9.1,12.7
19.710,-8.3,2.9,-9.1,12.7
19.720,-8.3,2.9,-9.1,12.7
19.730,-8.3,2.9,-9.1,12.7
19.740,-7.7,1.3,-7.2,10.6
19.750,-7.7,1.3,-7.2,10.6
19.760,-7.7,1.3,-7.2,10.6
19.770,-7.7,1.3,-7.2,10.6
19.780,-7.7,1.3,-7.2,10.6
19.790,-6.5,2.6,-5.3,8.7
19.800,-6.5,2.6,-5.3,8.7
19.810,-6.5,2.6,-5.3,8.7
19.820,-6.5,2.6,-5.3,8.7
19.830,-6.5,2.6,-5.3,8.7
19.840,-6.3,2.5,-4.2,7.9
19.850,-6.3,2.5,-4.2,7.9
19.860,-6.3,2.5,-4.2,7.9
19.870,-6.3,2.5,-4.2,7.9
19.880,-6.3,2.5,-4.2,7.9
19.890,-7.7,2.9,-5.5,9.9
19.900,-7.7,2.9,-5.5,9.9
19.910,-7.7,2.9,-5.5,9.9
19.920,-7.7,2.9,-5.5,9.9
19.930,-9.4,1.3,-5.4,10.9
19.940,-9.4,1.3,-5.4,10.9
19.950,-9.4,1.3,-5.4,10.9
19.960,-9.4,1.3,-5.4,10.9
19.970,-9.4,1.3,-5.4,10.9
19.980,-9.6,0.0,-4.9,10.8
19.990,-9.6,0.0,-4.9,10.8
20.000,-9.6,0.0,-4.9,10.8
20.010,-9.6,0.0,-4.9,10.8
20.020,-8.4,0.7,-4.6,9.6
20.030,-8.4,0.7,-4.6,9.6
20.040,-8.4,0.7,-4.6,9.6
20.050,-8.4,0.7,-4.6,9.6
20.060,-8.4,0.7,-4.6,9.6
20.070,-7.8,1.0,-4.6,9.1
20.080,-7.8,1.0,-4.6,9.1
20.090,-7.8,1.0,-4.6,9.1
20.100,-7.8,1.0,-4.6,9.1
20.110,-8.9,0.8,-3.8,9.7
20.120,-8.9,0.8,-3.8,9.7
20.130,-8.9,0.8,-3.8,9.7
20.140,-8.9,0.8,-3.8,9.7
20.150,-8.9,0.8,-3.8,9.7
20.160,-8.8,1.9,-3.7,9.7
20.170,-8.8,1.9,-3.7,9.7
20.180,-8.8,1.9,-3.7,9.7
20.190,-8.8,1.9,-3.7,9.7
20.200,-9.4,3.9,-4.7,11.2
20.210,-9.4,3.9,-4.7,11.2
20.220,-9.4,3.9,-4.7,11.2
20.230,-9.4,3.9,-4.7,11.2
20.240,-9.4,3.9,-4.7,11.2
20.250,-9.4,3.9,-4.7,11.2
20.260,-8.0,3.1,-4.0,9.5
20.270,-8.0,3.1,-4.0,9.5
20.280,-8.0,3.1,-4.0,9.5
20.290,-8.0,3.1,-4.0,9.5
20.300,-8.6,3.0,-3.0,9.6
20.310,-8.6,3.0,-3.0,9.6
20.320,-8.6,3.0,-3.0,9.6
20.330,-8.6,3.0,-3.0,9.6
20.340,-8.6,3.0,-3.0,9.6
20.350,-8.0,2.6,-3.0,9.0
20.360,-8.0,2.6,-3.0,9.0
20.370,-8.0,2.6,-3.0,9.0
20.380,-8.0,2.6,-3.0,9.0
20.390,-8.0,2.6,-3.0,9.0
20.400,-9.4,3.5,-4.2,10.9
20.410,-9.4,3.5,-4.2,10.9
20.420,-9.4,3.5,-4.2,10.9
20.430,-9.4,3.5,-4.2,10.9
20.440,-9.4,3.5,-4.2,10.9
20.450,-8.6,3.3,-4.9,10.4
20.460,-8.6,3.3,-4.9,10.4
20.470,-8.6,3.3,-4.9,10.4
20.480,-8.6,3.3,-4.9,10.4
20.490,-8.2,3.9,-5.1,10.5
20.500,-8.2,3.9,-5.1,10.5
20.510,-8.2,3.9,-5.1,10.5
20.520,-8.2,3.9,-5.1,10.5
20.530,-7.2,2.4,-5.4,9.3
20.540,-7.2,2.4,-5.4,9.3
20.550,-7.2,2.4,-5.4,9.3
20.560,-7.2,2.4,-5.4,9.3
20.570,-7.2,2.4,-5.4,9.3
20.580,-5.5,2.8,-4.1,7.4
20.590,-5.5,2.8,-4.1,7.4
20.600,-5.5,2.8,-4.1,7.4
20.610,-5.5,2.8,-4.1,7.4
20.620,-5.5,2.8,-4.1,7.4
20.630,-8.0,2.2,-5.2,9.8
20.640,-8.0,2.2,-5.2,9.8
20.650,-8.0,2.2,-5.2,9.8
20.660,-8.0,2.2,-5.2,9.8
20.670,-4.4,3.1,-7.1,8.9
20.680,-4.4,3.1,-7.1,8.9
20.690,-4.4,3.1,-7.1,8.9
20.700,-4.4,3.1,-7.1,8.9
20.710,-4.4,3.1,-7.1,8.9
20.720,-8.6,2.1,-6.2,10.8
20.730,-8.6,2.1,-6.2,10.8
20.740,-8.6,2.1,-6.2,10.8
20.750,-8.6,2.1,-6.2,10.8
20.760,-8.6,2.1,-6.2,10.8
20.770,-5.0,2.4,-7.6,9.4
20.780,-5.0,2.4,-7.6,9.4
20.790,-5.0,2.4,-7.6,9.4
20.800,-5.0,2.4,-7.6,9.4
20.810,-5.0,2.4,-7.6,9.4
20.820,-5.2,-0.2,-6.8,8.6
20.830,-5.2,-0.2,-6.8,8.6
20.840,-5.2,-0.2,-6.8,8.6
20.850,-5.2,-0.2,-6.8,8.6
20.860,-5.2,-0.2,-6.8,8.6
20.870,-5.7,1.8,-8.0,10.0
20.880,-5.7,1.8,-8.0,10.0
20.890,-5.7,1.8,-8.0,10.0
20.900,-5.7,1.8,-8.0,10.0
20.910,-5.7,1.8,-8.0,10.0
20.920,-3.8,-0.6,-8.9,9.7
20.930,-3.8,-0.6,-8.9,9.7
20.940,-3.8,-0.6,-8.9,9.7
20.950,-3.8,-0.6,-8.9,9.7
20.960,-3.8,-0.6,-8.9,9.7
20.970,-4.8,0.0,-8.5,9.8
20.980,-4.8,0.0,-8.5,9.8
20.990,-4.8,0.0,-8.5,9.8
21.000,-4.8,0.0,-8.5,9.8
21.010,-4.8,0.0,-8.5,9.8
21.020,-3.8,0.1,-9.5,10.2
21.030,-3.8,0.1,-9.5,10.2
21.040,-3.8,0.1,-9.5,10.2
21.050,-3.8,0.1,-9.5,10.2
21.060,-4.3,0.1,-8.7,9.7
21.070,-4.3,0.1,-8.7,9.7
21.080,-4.3,0.1,-8.7,9.7
21.090,-4.3,0.1,-8.7,9.7
21.100,-4.3,0.1,-8.7,9.7
21.110,-4.3,0.1,-8.7,9.7
21.120,-3.5,1.0,-8.8,9.5
21.130,-3.5,1.0,-8.8,9.5
21.140,-3.5,1.0,-8.8,9.5
21.150,-3.5,1.0,-8.8,9.5
21.160,-4.2,1.0,-8.3,9.3
21.170,-4.2,1.0,-8.3,9.3
21.180,-4.2,1.0,-8.3,9.3
21.190,-4.2,1.0,-8.3,9.3
21.200,-4.2,1.0,-8.3,9.3
21.210,-4.0,0.5,-7.5,8.5
21.220,-4.0,0.5,-7.5,8.5
21.230,-4.0,0.5,-7.5,8.5
21.240,-4.0,0.5,-7.5,8.5
21.250,-4.9,0.6,-7.7,9.1
21.260,-4.9,0.6,-7.7,9.1
21.270,-4.9,0.6,-7.7,9.1
21.280,-4.9,0.6,-7.7,9.1
21.290,-4.9,0.6,-7.7,9.1
21.300,-6.4,2.0,-6.6,9.4
21.310,-6.4,2.0,-6.6,9.4
21.320,-6.4,2.0,-6.6,9.4
21.330,-6.4,2.0,-6.6,9.4
21.340,-6.4,2.0,-6.6,9.4
21.350,-6.7,0.7,-6.6,9.5
21.360,-6.7,0.7,-6.6,9.5
21.370,-6.7,0.7,-6.6,9.5
21.380,-6.7,0.7,-6.6,9.5
21.390,-7.2,1.3,-6.3,9.6
21.400,-7.2,1.3,-6.3,9.6
21.410,-7.2,1.3,-6.3,9.6
21.420,-7.2,1.3,-6.3,9.6
21.430,-7.2,1.3,-6.3,9.6
21.440,-6.3,-0.7,-6.3,9.0
21.450,-6.3,-0.7,-6.3,9.0
21.460,-6.3,-0.7,-6.3,9.0
21.470,-6.3,-0.7,-6.3,9.0
21.480,-8.6,-0.9,-6.4,10.8
21.490,-8.6,-0.9,-6.4,10.8
21.500,-8.6,-0.9,-6.4,10.8
21.510,-8.6,-0.9,-6.4,10.8
21.520,-8.6,-0.9,-6.4,10.8
21.530,-10.5,-0.6,-6.6,12.4
21.540,-10.5,-0.6,-6.6,12.4
21.550,-10.5,-0.6,-6.6,12.4
21.560,-10.5,-0.6,-6.6,12.4
21.570,-10.5,-0.6,-6.6,12.4
21.580,-9.2,0.5,-6.3,11.2
21.590,-9.2,0.5,-6.3,11.2
21.600,-9.2,0.5,-6.3,11.2
21.610,-9.2,0.5,-6.3,11.2
21.620,-9.2,0.5,-6.3,11.2
21.630,-9.7,1.5,-16.6,19.3
21.640,-9.7,1.5,-16.6,19.3
21.650,-9.7,1.5,-16.6,19.3
21.660,-9.7,1.5,-16.6,19.3
21.670,-9.8,-0.7,-8.3,12.9
21.680,-9.8,-0.7,-8.3,12.9
21.690,-9.8,-0.7,-8.3,12.9
21.700,-9.8,-0.7,-8.3,12.9
21.710,-9.8,-0.7,-8.3,12.9
21.720,-7.0,0.6,-4.4,8.3
21.730,-7.0,0.6,-4.4,8.3
21.740,-7.0,0.6,-4.4,8.3
21.750,-7.0,0.6,-4.4,8.3
21.760,-7.0,0.6,-4.4,8.3
21.770,-7.5,0.2,-6.8,10.1
21.780,-7.5,0.2,-6.8,10.1
21.790,-7.5,0.2,-6.8,10.1
21.800,-7.5,0.2,-6.8,10.1
21.810,-7.5,0.2,-6.8,10.1
21.820,-6.7,-1.5,-7.2,10.0
21.830,-6.7,-1.5,-7.2,10.0
21.840,-6.7,-1.5,-7.2,10.0
21.850,-6.7,-1.5,-7.2,10.0
21.860,-6.7,-1.5,-7.2,10.0
21.870,-6.7,-1.5,-7.2,10.0
21.880,-8.5,-0.6,-6.5,10.7
21.890,-8.5,-0.6,-6.5,10.7
21.900,-8.5,-0.6,-6.5,10.7
21.910,-8.5,-0.6,-6.5,10.7
21.920,-7.9,-2.4,-5.1,9.7
21.930,-7.9,-2.4,-5.1,9.7
21.940,-7.9,-2.4,-5.1,9.7
21.950,-7.9,-2.4,-5.1,9.7
21.960,-7.9,-2.4,-5.1,9.7
21.970,-7.9,-2.4,-5.1,9.7
21.980,-8.6,-3.2,-6.0,11.0
21.990,-8.6,-3.2,-6.0,11.0
22.000,-8.6,-3.2,-6.0,11.0
22.010,-8.6,-3.2,-6.0,11.0
22.020,-6.9,-2.2,-5.0,8.9
22.030,-6.9,-2.2,-5.0,8.9
22.040,-6.9,-2.2,-5.0,8.9
22.050,-6.9,-2.2,-5.0,8.9
22.060,-6.9,-2.2,-5.0,8.9
22.070,-7.8,-3.0,-6.4,10.5
22.080,-7.8,-3.0,-6.4,10.5
22.090,-7.8,-3.0,-6.4,10.5
22.100,-7.8,-3.0,-6.4,10.5
22.110,-7.8,-3.0,-6.4,10.5
22.120,-7.2,-4.4,-4.5,9.6
22.130,-7.2,-4.4,-4.5,9.6
22.140,-7.2,-4.4,-4.5,9.6
22.150,-7.2,-4.4,-4.5,9.6
22.160,-7.2,-4.4,-4.5,9.6
22.170,-8.9,-2.7,-6.7,11.5
22.180,-8.9,-2.7,-6.7,11.5
22.190,-8.9,-2.7,-6.7,11.5
22.200,-8.9,-2.7,-6.7,11.5
22.210,-8.9,-2.7,-6.7,11.5
22.220,-6.5,-3.7,-3.4,8.2
22.230,-6.5,-3.7,-3.4,8.2
22.240,-6.5,-3.7,-3.4,8.2
22.250,-6.5,-3.7,-3.4,8.2
22.260,-8.1,-3.8,-5.0,10.2
22.270,-8.1,-3.8,-5.0,10.2
22.280,-8.1,-3.8,-5.0,10.2
22.290,-8.1,-3.8,-5.0,10.2
22.300,-8.1,-3.8,-5.0,10.2
22.310,-8.0,-2.1,-3.8,9.1
22.320,-8.0,-2.1,-3.8,9.1
22.330,-8.0,-2.1,-3.8,9.1
22.340,-8.0,-2.1,-3.8,9.1
22.350,-8.0,-2.1,-3.8,9.1
22.360,-9.0,-2.8,-4.5,10.4
22.370,-9.0,-2.8,-4.5,10.4
22.380,-9.0,-2.8,-4.5,10.4
22.390,-9.0,-2.8,-4.5,10.4
22.400,-9.8,0.2,-5.4,11.2
22.410,-9.8,0.2,-5.4,11.2
22.420,-9.8,0.2,-5.4,11.2
22.430,-9.8,0.2,-5.4,11.2
22.440,-9.8,0.2,-5.4,11.2
22.450,-8.3,0.0,-4.7,9.5
22.460,-8.3,0.0,-4.7,9.5
22.470,-8.3,0.0,-4.7,9.5
22.480,-8.3,0.0,-4.7,9.5
22.490,-9.1,-1.3,-4.5,10.2
22.500,-9.1,-1.3,-4.5,10.2
22.510,-9.1,-1.3,-4.5,10.2
22.520,-9.1,-1.3,-4.5,10.2
22.530,-9.1,-1.3,-4.5,10.2
22.540,-8.5,-1.0,-3.7,9.4
22.550,-8.5,-1.0,-3.7,9.4
22.560,-8.5,-1.0,-3.7,9.4
22.570,-8.5,-1.0,-3.7,9.4
22.580,-8.5,-1.0,-3.7,9.4
22.590,-11.1,-0.5,-4.1,11.8
22.600,-11.1,-0.5,-4.1,11.8
22.610,-11.1,-0.5,-4.1,11.8
22.620,-11.1,-0.5,-4.1,11.8
22.630,-8.7,-0.4,-4.0,9.6
22.640,-8.7,-0.4,-4.0,9.6
22.650,-8.7,-0.4,-4.0,9.6
22.660,-8.7,-0.4,-4.0,9.6
22.670,-8.7,-0.4,-4.0,9.6
22.680,-8.7,-0.4,-4.0,9.6
22.690,-9.7,-0.3,-5.0,10.9
22.700,-9.7,-0.3,-5.0,10.9
22.710,-9.7,-0.3,-5.0,10.9
22.720,-9.7,-0.3,-5.0,10.9
22.730,-8.6,-1.1,-3.7,9.4
22.740,-8.6,-1.1,-3.7,9.4
22.750,-8.6,-1.1,-3.7,9.4
22.760,-8.6,-1.1,-3.7,9.4
22.770,-8.6,-1.1,-3.7,9.4
22.780,-8.6,-1.1,-3.7,9.4
22.790,-9.2,-0.4,-3.6,9.9
22.800,-9.2,-0.4,-3.6,9.9
22.810,-9.2,-0.4,-3.6,9.9
22.820,-9.2,-0.4,-3.6,9.9
22.830,-8.8,-0.6,-3.6,9.6
22.840,-8.8,-0.6,-3.6,9.6
22.850,-8.8,-0.6,-3.6,9.6
22.860,-8.8,-0.6,-3.6,9.6
22.870,-8.8,-0.6,-3.6,9.6
22.880,-9.9,0.1,-2.9,10.3
22.890,-9.9,0.1,-2.9,10.3
22.900,-9.9,0.1,-2.9,10.3
22.910,-9.9,0.1,-2.9,10.3
22.920,-9.9,0.1,-2.9,10.3
22.930,-9.5,0.9,-2.5,9.9
22.940,-9.5,0.9,-2.5,9.9
22.950,-9.5,0.9,-2.5,9.9
22.960,-9.5,0.9,-2.5,9.9
22.970,-9.5,0.9,-2.5,9.9
22.980,-10.5,1.8,-2.9,11.1
22.990,-10.5,1.8,-2.9,11.1
23.000,-10.5,1.8,-2.9,11.1
23.010,-10.5,1.8,-2.9,11.1
23.020,-10.5,1.8,-2.9,11.1
23.030,-9.0,0.6,-2.6,9.4
23.040,-9.0,0.6,-2.6,9.4
23.050,-9.0,0.6,-2.6,9.4
23.060,-9.0,0.6,-2.6,9.4
23.070,-9.6,1.2,-2.3,10.0
23.080,-9.6,1.2,-2.3,10.0
23.090,-9.6,1.2,-2.3,10.0
23.100,-9.6,1.2,-2.3,10.0
23.110,-9.6,1.2,-2.3,10.0
23.120,-9.8,1.8,-3.4,10.6
23.130,-9.8,1.8,-3.4,10.6
23.140,-9.8,1.8,-3.4,10.6
23.150,-9.8,1.8,-3.4,10.6
23.160,-9.2,1.2,-3.0,9.8
23.170,-9.2,1.2,-3.0,9.8
23.180,-9.2,1.2,-3.0,9.8
23.190,-9.2,1.2,-3.0,9.8
23.200,-9.2,1.2,-3.0,9.8
23.210,-9.3,1.7,-2.7,9.9
23.220,-9.3,1.7,-2.7,9.9
23.230,-9.3,1.7,-2.7,9.9
23.240,-9.3,1.7,-2.7,9.9
23.250,-9.7,2.1,-2.6,10.2
23.260,-9.7,2.1,-2.6,10.2
23.270,-9.7,2.1,-2.6,10.2
23.280,-9.7,2.1,-2.6,10.2
23.290,-9.7,2.1,-2.6,10.2
23.300,-9.4,2.2,-3.0,10.1
23.310,-9.4,2.2,-3.0,10.1
23.320,-9.4,2.2,-3.0,10.1
23.330,-9.4,2.2,-3.0,10.1
23.340,-8.8,2.7,-2.9,9.7
23.350,-8.8,2.7,-2.9,9.7
23.360,-8.8,2.7,-2.9,9.7
23.370,-8.8,2.7,-2.9,9.7
23.380,-8.8,2.7,-2.9,9.7
23.390,-9.5,1.8,-3.4,10.3
23.400,-9.5,1.8,-3.4,10.3
23.410,-9.5,1.8,-3.4,10.3
23.420,-9.5,1.8,-3.4,10.3
23.430,-8.4,2.1,-3.1,9.2
23.440,-8.4,2.1,-3.1,9.2
23.450,-8.4,2.1,-3.1,9.2
23.460,-8.4,2.1,-3.1,9.2
23.470,-8.4,2.1,-3.1,9.2
23.480,-9.0,2.7,-3.4,10.0
23.490,-9.0,2.7,-3.4,10.0
23.500,-9.0,2.7,-3.4,10.0
23.510,-9.0,2.7,-3.4,10.0
23.520,-8.4,3.0,-3.5,9.6
23.530,-8.4,3.0,-3.5,9.6
23.540,-8.4,3.0,-3.5,9.6
23.550,-8.4,3.0,-3.5,9.6
23.560,-8.4,3.0,-3.5,9.6
23.570,-8.4,3.0,-3.5,9.6
23.580,-9.1,2.6,-3.7,10.1
23.590,-9.1,2.6,-3.7,10.1
23.600,-9.1,2.6,-3.7,10.1
23.610,-9.1,2.6,-3.7,10.1
23.620,-9.0,2.9,-3.6,10.1
23.630,-9.0,2.9,-3.6,10.1
23.640,-9.0,2.9,-3.6,10.1
23.650,-9.0,2.9,-3.6,10.1
23.660,-9.0,2.9,-3.6,10.1
23.670,-9.0,2.9,-3.4,10.1
23.680,-9.0,2.9,-3.4,10.1
23.690,-9.0,2.9,-3.4,10.1
23.700,-9.0,2.9,-3.4,10.1
23.710,-8.8,2.5,-3.5,9.8
23.720,-8.8,2.5,-3.5,9.8
23.730,-8.8,2.5,-3.5,9.8
23.740,-8.8,2.5,-3.5,9.8
23.750,-8.8,2.5,-3.5,9.8
23.760,-9.0,2.3,-3.8,10.0
23.770,-9.0,2.3,-3.8,10.0
23.780,-9.0,2.3,-3.8,10.0
23.790,-9.0,2.3,-3.8,10.0
23.800,-8.5,2.3,-4.0,9.7
23.810,-8.5,2.3,-4.0,9.7
23.820,-8.5,2.3,-4.0,9.7
23.830,-8.5,2.3,-4.0,9.7
23.840,-8.5,2.3,-4.0,9.7
23.850,-9.2,1.7,-3.8,10.0
23.860,-9.2,1.7,-3.8,10.0
23.870,-9.2,1.7,-3.8,10.0
23.880,-9.2,1.7,-3.8,10.0
23.890,-9.2,1.7,-3.8,10.0
23.900,-9.2,1.6,-4.2,10.3
23.910,-9.2,1.6,-4.2,10.3
23.920,-9.2,1.6,-4.2,10.3
23.930,-9.2,1.6,-4.2,10.3
23.940,-8.7,1.7,-3.8,9.7
23.950,-8.7,1.7,-3.8,9.7
23.960,-8.7,1.7,-3.8,9.7
23.970,-8.7,1.7,-3.8,9.7
23.980,-8.7,1.7,-3.8,9.7
23.990,-9.0,3.1,-3.2,10.1
24.000,-9.0,3.1,-3.2,10.1
24.010,-9.0,3.1,-3.2,10.1
24.020,-9.0,3.1,-3.2,10.1
24.030,-9.0,3.1,-3.2,10.1
24.040,-8.7,3.2,-2.6,9.6
24.050,-8.7,3.2,-2.6,9.6
24.060,-8.7,3.2,-2.6,9.6
24.070,-8.7,3.2,-2.6,9.6
24.080,-9.2,3.1,-2.6,10.1
24.090,-9.2,3.1,-2.6,10.1
24.100,-9.2,3.1,-2.6,10.1
24.110,-9.2,3.1,-2.6,10.1
24.120,-9.2,3.1,-2.6,10.1
24.130,-8.8,3.3,-2.8,9.9
24.140,-8.8,3.3,-2.8,9.9
24.150,-8.8,3.3,-2.8,9.9
24.160,-8.8,3.3,-2.8,9.9
24.170,-8.8,3.3,-2.8,9.9
24.180,-8.7,3.6,-3.3,10.0
24.190,-8.7,3.6,-3.3,10.0
24.200,-8.7,3.6,-3.3,10.0
24.210,-8.7,3.6,-3.3,10.0
24.220,-8.7,3.6,-3.3,10.0
24.230,-8.5,4.1,-2.9,9.9
24.240,-8.5,4.1,-2.9,9.9
24.250,-8.5,4.1,-2.9,9.9
24.260,-8.5,4.1,-2.9,9.9
24.270,-8.0,4.3,-3.7,9.8
24.280,-8.0,4.3,-3.7,9.8
24.290,-8.0,4.3,-3.7,9.8
24.300,-8.0,4.3,-3.7,9.8
24.310,-8.0,4.3,-3.7,9.8
24.320,-9.0,4.1,-3.2,10.4
24.330,-9.0,4.1,-3.2,10.4
24.340,-9.0,4.1,-3.2,10.4
24.350,-9.0,4.1,-3.2,10.4
24.360,-9.0,4.1,-3.2,10.4
24.370,-8.4,3.7,-4.0,10.0
24.380,-8.4,3.7,-4.0,10.0
24.390,-8.4,3.7,-4.0,10.0
24.400,-8.4,3.7,-4.0,10.0
24.410,-8.4,3.7,-4.0,10.0
24.420,-8.6,3.3,-4.4,10.2
24.430,-8.6,3.3,-4.4,10.2
24.440,-8.6,3.3,-4.4,10.2
24.450,-8.6,3.3,-4.4,10.2
24.460,-8.6,3.3,-4.4,10.2
24.470,-9.1,2.9,-4.5,10.6
24.480,-9.1,2.9,-4.5,10.6
24.490,-9.1,2.9,-4.5,10.6
24.500,-9.1,2.9,-4.5,10.6
24.510,-9.1,2.9,-4.5,10.6
24.520,-9.0,4.4,-4.4,11.0
24.530,-9.0,4.4,-4.4,11.0
24.540,-9.0,4.4,-4.4,11.0
24.550,-9.0,4.4,-4.4,11.0
24.560,-9.5,2.7,-4.7,11.0
24.570,-9.5,2.7,-4.7,11.0
24.580,-9.5,2.7,-4.7,11.0
24.590,-9.5,2.7,-4.7,11.0
24.600,-9.5,2.7,-4.7,11.0
24.610,-10.1,3.2,-5.0,11.7
24.620,-10.1,3.2,-5.0,11.7
24.630,-10.1,3.2,-5.0,11.7
24.640,-10.1,3.2,-5.0,11.7
24.650,-10.1,3.2,-5.0,11.7
24.660,-11.4,2.5,-4.6,12.5
24.670,-11.4,2.5,-4.6,12.5
24.680,-11.4,2.5,-4.6,12.5
24.690,-11.4,2.5,-4.6,12.5
24.700,-11.4,2.5,-4.6,12.5
24.710,-10.7,2.5,-5.3,12.2
24.720,-10.7,2.5,-5.3,12.2
24.730,-10.7,2.5,-5.3,12.2
24.740,-10.7,2.5,-5.3,12.2
24.750,-10.7,2.5,-5.3,12.2
24.760,-9.6,2.9,-5.1,11.3
24.770,-9.6,2.9,-5.1,11.3
24.780,-9.6,2.9,-5.1,11.3
24.790,-9.6,2.9,-5.1,11.3
24.800,-9.6,2.9,-5.1,11.3
24.810,-9.9,2.7,-4.3,11.2
24.820,-9.9,2.7,-4.3,11.2
24.830,-9.9,2.7,-4.3,11.2
24.840,-9.9,2.7,-4.3,11.2
24.850,-9.9,0.7,-4.7,11.0
24.860,-9.9,0.7,-4.7,11.0
24.870,-9.9,0.7,-4.7,11.0
24.880,-9.9,0.7,-4.7,11.0
24.890,-9.9,0.7,-4.7,11.0
24.900,-10.1,0.0,-3.8,10.8
24.910,-10.1,0.0,-3.8,10.8
24.920,-10.1,0.0,-3.8,10.8
24.930,-10.1,0.0,-3.8,10.8
24.940,-10.1,0.0,-3.8,10.8
24.950,-8.8,-1.1,-4.6,10.0
24.960,-8.8,-1.1,-4.6,10.0
24.970,-8.8,-1.1,-4.6,10.0
24.980,-8.8,-1.1,-4.6,10.0
24.990,-8.8,-1.1,-4.6,10.0
25.000,-7.4,-0.4,-5.0,8.9
25.010,-7.4,-0.4,-5.0,8.9
25.020,-7.4,-0.4,-5.0,8.9
25.030,-7.4,-0.4,-5.0,8.9
25.040,-6.0,0.0,-5.1,7.9
25.050,-6.0,0.0,-5.1,7.9
25.060,-6.0,0.0,-5.1,7.9
25.070,-6.0,0.0,-5.1,7.9
25.080,-6.0,0.0,-5.1,7.9
25.090,-6.4,0.2,-4.2,7.7
25.100,-6.4,0.2,-4.2,7.7
25.110,-6.4,0.2,-4.2,7.7
25.120,-6.4,0.2,-4.2,7.7
25.130,-6.4,0.2,-4.2,7.7
25.140,-7.9,-0.5,-4.5,9.1
25.150,-7.9,-0.5,-4.5,9.1
25.160,-7.9,-0.5,-4.5,9.1
25.170,-7.9,-0.5,-4.5,9.1
25.180,-7.9,-0.5,-4.5,9.1
25.190,-8.3,-1.2,-5.3,9.9
25.200,-8.3,-1.2,-5.3,9.9
25.210,-8.3,-1.2,-5.3,9.9
25.220,-8.3,-1.2,-5.3,9.9
25.230,-8.3,-1.2,-5.3,9.9
25.240,-7.5,-0.6,-4.4,8.7
25.250,-7.5,-0.6,-4.4,8.7
25.260,-7.5,-0.6,-4.4,8.7
25.270,-7.5,-0.6,-4.4,8.7
25.280,-8.1,-0.5,-4.0,9.1
25.290,-8.1,-0.5,-4.0,9.1
25.300,-8.1,-0.5,-4.0,9.1
25.310,-8.1,-0.5,-4.0,9.1
25.320,-8.1,-0.5,-4.0,9.1
25.330,-8.1,-1.7,-3.5,8.9
25.340,-8.1,-1.7,-3.5,8.9
25.350,-8.1,-1.7,-3.5,8.9
25.360,-8.1,-1.7,-3.5,8.9
25.370,-8.1,-1.7,-3.5,8.9
25.380,-7.8,-2.4,-2.7,8.6
25.390,-7.8,-2.4,-2.7,8.6
25.400,-7.8,-2.4,-2.7,8.6
25.410,-7.8,-2.4,-2.7,8.6
25.420,-8.2,-1.5,-3.2,8.9
25.430,-8.2,-1.5,-3.2,8.9
25.440,-8.2,-1.5,-3.2,8.9
25.450,-8.2,-1.5,-3.2,8.9
25.460,-8.2,-1.5,-3.2,8.9
25.470,-7.6,-2.5,-3.3,8.7
25.480,-7.6,-2.5,-3.3,8.7
25.490,-7.6,-2.5,-3.3,8.7
25.500,-7.6,-2.5,-3.3,8.7
25.510,-7.6,-2.5,-3.3,8.7
25.520,-8.6,-2.3,-3.5,9.5
25.530,-8.6,-2.3,-3.5,9.5
25.540,-8.6,-2.3,-3.5,9.5
25.550,-8.6,-2.3,-3.5,9.5
25.560,-8.6,-2.3,-3.5,9.5
25.570,-8.6,-2.8,-3.2,9.6
25.580,-8.6,-2.8,-3.2,9.6
25.590,-8.6,-2.8,-3.2,9.6
25.600,-8.6,-2.8,-3.2,9.6
25.610,-8.6,-2.8,-3.2,9.6
25.620,-9.1,-3.5,-3.1,10.2
25.630,-9.1,-3.5,-3.1,10.2
25.640,-9.1,-3.5,-3.1,10.2
25.650,-9.1,-3.5,-3.1,10.2
25.660,-8.8,-3.0,-3.2,9.8
25.670,-8.8,-3.0,-3.2,9.8
25.680,-8.8,-3.0,-3.2,9.8
25.690,-8.8,-3.0,-3.2,9.8
25.700,-8.8,-3.0,-3.2,9.8
25.710,-8.8,-3.0,-3.2,9.8
25.720,-8.2,-2.5,-2.9,9.1
25.730,-8.2,-2.5,-2.9,9.1
25.740,-8.2,-2.5,-2.9,9.1
25.750,-8.2,-2.5,-2.9,9.1
25.760,-9.9,-1.9,-2.6,10.4
25.770,-9.9,-1.9,-2.6,10.4
25.780,-9.9,-1.9,-2.6,10.4
25.790,-9.9,-1.9,-2.6,10.4
25.800,-9.9,-1.9,-2.6,10.4
25.810,-10.2,-1.0,-2.3,10.6
25.820,-10.2,-1.0,-2.3,10.6
25.830,-10.2,-1.0,-2.3,10.6
25.840,-10.2,-1.0,-2.3,10.6
25.850,-9.9,0.2,-3.2,10.4
25.860,-9.9,0.2,-3.2,10.4
25.870,-9.9,0.2,-3.2,10.4
25.880,-9.9,0.2,-3.2,10.4
25.890,-9.9,0.2,-3.2,10.4
25.900,-10.1,0.3,-3.2,10.6
25.910,-10.1,0.3,-3.2,10.6
25.920,-10.1,0.3,-3.2,10.6
25.930,-10.1,0.3,-3.2,10.6
25.940,-10.1,0.3,-3.2,10.6
25.950,-9.4,-1.0,-2.7,9.8
25.960,-9.4,-1.0,-2.7,9.8
25.970,-9.4,-1.0,-2.7,9.8
25.980,-9.4,-1.0,-2.7,9.8
25.990,-9.4,-1.0,-2.7,9.8
26.000,-9.4,0.6,-2.5,9.7
26.010,-9.4,0.6,-2.5,9.7
26.020,-9.4,0.6,-2.5,9.7
26.030,-9.4,0.6,-2.5,9.7
26.040,-9.4,0.6,-2.5,9.7
26.050,-11.1,1.1,-1.8,11.3
26.060,-11.1,1.1,-1.8,11.3
26.070,-11.1,1.1,-1.8,11.3
26.080,-11.1,1.1,-1.8,11.3
26.090,-8.5,0.9,-0.7,8.5
26.100,-8.5,0.9,-0.7,8.5
26.110,-8.5,0.9,-0.7,8.5
26.120,-8.5,0.9,-0.7,8.5
26.130,-8.5,0.9,-0.7,8.5
26.140,-10.0,-0.2,-2.8,10.4
26.150,-10.0,-0.2,-2.8,10.4
26.160,-10.0,-0.2,-2.8,10.4
26.170,-10.0,-0.2,-2.8,10.4
26.180,-10.0,-0.2,-2.8,10.4
26.190,-10.1,1.0,-2.3,10.4
26.200,-10.1,1.0,-2.3,10.4
26.210,-10.1,1.0,-2.3,10.4
26.220,-10.1,1.0,-2.3,10.4
26.230,-9.4,1.3,-1.4,9.6
26.240,-9.4,1.3,-1.4,9.6
26.250,-9.4,1.3,-1.4,9.6
26.260,-9.4,1.3,-1.4,9.6
26.270,-9.4,1.3,-1.4,9.6
26.280,-9.9,1.1,-1.6,10.0
26.290,-9.9,1.1,-1.6,10.0
26.300,-9.9,1.1,-1.6,10.0
26.310,-9.9,1.1,-1.6,10.0
26.320,-9.9,1.1,-1.6,10.0
26.330,-9.5,1.1,-1.4,9.7
26.340,-9.5,1.1,-1.4,9.7
26.350,-9.5,1.1,-1.4,9.7
26.360,-9.5,1.1,-1.4,9.7
26.370,-9.9,0.7,-1.6,10.0
26.380,-9.9,0.7,-1.6,10.0
26.390,-9.9,0.7,-1.6,10.0
26.400,-9.9,0.7,-1.6,10.0
26.410,-9.9,0.7,-1.6,10.0
26.420,-9.7,0.1,-2.0,9.9
26.430,-9.7,0.1,-2.0,9.9
26.440,-9.7,0.1,-2.0,9.9
26.450,-9.7,0.1,-2.0,9.9
26.460,-9.3,0.6,-1.9,9.5
26.470,-9.3,0.6,-1.9,9.5
26.480,-9.3,0.6,-1.9,9.5
26.490,-9.3,0.6,-1.9,9.5
26.500,-9.3,0.6,-1.9,9.5
26.510,-10.0,0.1,-1.7,10.1
26.520,-10.0,0.1,-1.7,10.1
26.530,-10.0,0.1,-1.7,10.1
26.540,-10.0,0.1,-1.7,10.1
26.550,-9.6,-0.1,-2.2,9.9
26.560,-9.6,-0.1,-2.2,9.9
26.570,-9.6,-0.1,-2.2,9.9
26.580,-9.6,-0.1,-2.2,9.9
26.590,-9.6,-0.1,-2.2,9.9
26.600,-9.9,0.1,-1.8,10.1
26.610,-9.9,0.1,-1.8,10.1
26.620,-9.9,0.1,-1.8,10.1
26.630,-9.9,0.1,-1.8,10.1
26.640,-9.9,0.1,-1.8,10.1
26.650,-9.5,0.2,-1.8,9.6
26.660,-9.5,0.2,-1.8,9.6
26.670,-9.5,0.2,-1.8,9.6
26.680,-9.5,0.2,-1.8,9.6
26.690,-9.5,0.2,-1.8,9.6
26.700,-10.2,0.1,-1.9,10.4
26.710,-10.2,0.1,-1.9,10.4
26.720,-10.2,0.1,-1.9,10.4
26.730,-10.2,0.1,-1.9,10.4
26.740,-10.0,0.0,-2.0,10.2
26.750,-10.0,0.0,-2.0,10.2
26.760,-10.0,0.0,-2.0,10.2
26.770,-10.0,0.0,-2.0,10.2
26.780,-10.0,0.0,-2.0,10.2
26.790,-9.6,0.0,-2.0,9.8
26.800,-9.6,0.0,-2.0,9.8
26.810,-9.6,0.0,-2.0,9.8
26.820,-9.6,0.0,-2.0,9.8
26.830,-9.6,0.0,-2.0,9.8
26.840,-9.4,0.1,-2.2,9.7
26.850,-9.4,0.1,-2.2,9.7
26.860,-9.4,0.1,-2.2,9.7
26.870,-9.4,0.1,-2.2,9.7
26.880,-9.7,0.2,-1.7,9.9
26.890,-9.7,0.2,-1.7,9.9
26.900,-9.7,0.2,-1.7,9.9
26.910,-9.7,0.2,-1.7,9.9
26.920,-9.7,0.2,-1.7,9.9
26.930,-9.8,0.2,-2.0,10.0
26.940,-9.8,0.2,-2.0,10.0
26.950,-9.8,0.2,-2.0,10.0
26.960,-9.8,0.2,-2.0,10.0
26.970,-9.8,0.2,-2.0,10.0
26.980,-9.8,-0.4,-1.9,10.0
26.990,-9.8,-0.4,-1.9,10.0
27.000,-9.8,-0.4,-1.9,10.0
27.010,-9.8,-0.4,-1.9,10.0
27.020,-9.8,-0.4,-1.9,10.0
27.030,-9.6,0.2,-2.0,9.8
27.040,-9.6,0.2,-2.0,9.8
27.050,-9.6,0.2,-2.0,9.8
27.060,-9.6,0.2,-2.0,9.8
27.070,-9.6,0.2,-2.0,9.8
27.080,-9.8,-0.1,-1.9,10.0
27.090,-9.8,-0.1,-1.9,10.0
27.100,-9.8,-0.1,-1.9,10.0
27.110,-9.8,-0.1,-1.9,10.0
27.120,-9.8,-0.2,-1.9,10.0
27.130,-9.8,-0.2,-1.9,10.0
27.140,-9.8,-0.2,-1.9,10.0
27.150,-9.8,-0.2,-1.9,10.0
27.160,-9.8,-0.2,-1.9,10.0
27.170,-9.9,-0.3,-1.8,10.0
27.180,-9.9,-0.3,-1.8,10.0
27.190,-9.9,-0.3,-1.8,10.0
27.200,-9.9,-0.3,-1.8,10.0
27.210,-9.9,-0.3,-1.8,10.0
27.220,-9.8,-0.2,-2.0,10.0
27.230,-9.8,-0.2,-2.0,10.0
27.240,-9.8,-0.2,-2.0,10.0
27.250,-9.8,-0.2,-2.0,10.0
27.260,-9.6,0.1,-2.0,9.8
27.270,-9.6,0.1,-2.0,9.8
27.280,-9.6,0.1,-2.0,9.8
27.290,-9.6,0.1,-2.0,9.8
27.300,-9.6,0.1,-2.0,9.8
27.310,-9.8,-0.2,-1.8,9.9
27.320,-9.8,-0.2,-1.8,9.9
27.330,-9.8,-0.2,-1.8,9.9
27.340,-9.8,-0.2,-1.8,9.9
27.350,-9.8,-0.2,-1.8,9.9
27.360,-9.7,-0.6,-1.9,9.9
27.370,-9.7,-0.6,-1.9,9.9
27.380,-9.7,-0.6,-1.9,9.9
27.390,-9.7,-0.6,-1.9,9.9
27.400,-9.6,-0.1,-1.9,9.8
27.410,-9.6,-0.1,-1.9,9.8
27.420,-9.6,-0.1,-1.9,9.8
27.430,-9.6,-0.1,-1.9,9.8
27.440,-9.6,-0.1,-1.9,9.8
27.450,-9.2,-0.3,-1.1,9.3
27.460,-9.2,-0.3,-1.1,9.3
27.470,-9.2,-0.3,-1.1,9.3
27.480,-9.2,-0.3,-1.1,9.3
27.490,-9.2,-0.3,-1.1,9.3
27.500,-10.7,-0.1,-0.8,10.7
27.510,-10.7,-0.1,-0.8,10.7
27.520,-10.7,-0.1,-0.8,10.7
27.530,-10.7,-0.1,-0.8,10.7
27.540,-10.7,-0.1,-0.8,10.7
27.550,-9.8,-0.5,-1.1,9.9
27.560,-9.8,-0.5,-1.1,9.9
27.570,-9.8,-0.5,-1.1,9.9
27.580,-9.8,-0.5,-1.1,9.9
27.590,-9.8,-0.5,-1.1,9.9
27.600,-9.0,-0.2,-1.4,9.1
27.610,-9.0,-0.2,-1.4,9.1
27.620,-9.0,-0.2,-1.4,9.1
27.630,-9.0,-0.2,-1.4,9.1
27.640,-9.0,-0.2,-1.4,9.1
27.650,-10.1,0.1,-1.5,10.2
27.660,-10.1,0.1,-1.5,10.2
27.670,-10.1,0.1,-1.5,10.2
27.680,-10.1,0.1,-1.5,10.2
27.690,-10.1,0.1,-1.5,10.2
27.700,-9.8,-0.2,-1.4,9.9
27.710,-9.8,-0.2,-1.4,9.9
27.720,-9.8,-0.2,-1.4,9.9
27.730,-9.8,-0.2,-1.4,9.9
27.740,-9.8,-0.2,-1.4,9.9
27.750,-9.9,-0.1,-1.6,10.0
27.760,-9.9,-0.1,-1.6,10.0
27.770,-9.9,-0.1,-1.6,10.0
27.780,-9.9,-0.1,-1.6,10.0
27.790,-9.8,0.0,-1.5,9.9
27.800,-9.8,0.0,-1.5,9.9
27.810,-9.8,0.0,-1.5,9.9
27.820,-9.8,0.0,-1.5,9.9
27.830,-9.8,0.0,-1.5,9.9
27.840,-9.9,-0.3,-1.3,9.9
27.850,-9.9,-0.3,-1.3,9.9
27.860,-9.9,-0.3,-1.3,9.9
27.870,-9.9,-0.3,-1.3,9.9
27.880,-9.9,-0.3,-1.3,9.9
27.890,-9.8,-0.4,-1.4,9.9
27.900,-9.8,-0.4,-1.4,9.9
27.910,-9.8,-0.4,-1.4,9.9
27.920,-9.8,-0.4,-1.4,9.9
27.930,-9.8,-0.4,-1.4,9.9
27.940,-9.8,-0.3,-1.5,9.9
27.950,-9.8,-0.3,-1.5,9.9
27.960,-9.8,-0.3,-1.5,9.9
27.970,-9.8,-0.3,-1.5,9.9
27.980,-9.5,-0.1,-1.7,9.6
27.990,-9.5,-0.1,-1.7,9.6
28.000,-9.5,-0.1,-1.7,9.6
28.010,-9.5,-0.1,-1.7,9.6
28.020,-9.5,-0.1,-1.7,9.6
28.030,-10.6,-0.4,-1.1,10.6
28.040,-10.6,-0.4,-1.1,10.6
28.050,-10.6,-0.4,-1.1,10.6
28.060,-10.6,-0.4,-1.1,10.6
28.070,-10.6,-0.4,-1.1,10.6
28.080,-9.8,0.1,-0.1,9.8
28.090,-9.8,0.1,-0.1,9.8
28.100,-9.8,0.1,-0.1,9.8
28.110,-9.8,0.1,-0.1,9.8
28.120,-10.3,-0.2,-0.3,10.3
28.130,-10.3,-0.2,-0.3,10.3
28.140,-10.3,-0.2,-0.3,10.3
28.150,-10.3,-0.2,-0.3,10.3
28.160,-10.3,-0.2,-0.3,10.3
28.170,-10.2,-0.3,-0.8,10.2
28.180,-10.2,-0.3,-0.8,10.2
28.190,-10.2,-0.3,-0.8,10.2
28.200,-10.2,-0.3,-0.8,10.2
28.210,-10.2,-0.3,-0.8,10.2
28.220,-8.7,-0.2,-1.5,8.8
28.230,-8.7,-0.2,-1.5,8.8
28.240,-8.7,-0.2,-1.5,8.8
28.250,-8.7,-0.2,-1.5,8.8
