Run 2,Run 2,Run 2,Run 2,Run 2
Time (s),Acceleration - x (m/s²),Acceleration - y (m/s²),Acceleration - z (m/s²),Acceleration - resultant (m/s²)
0,-8.9,-0.1,-4.6,10
0.01,-8.9,-0.1,-4.6,10
0.02,-8.9,-0.1,-4.6,10
0.03,-8.9,-0.1,-4.6,10
0.04,-8.9,-0.1,-4.6,10
0.05,-8.9,-0.1,-4.6,10
0.06,-8.9,-0.1,-4.6,10
0.07,-8.6,0,-4.8,9.9
0.08,-8.6,0,-4.8,9.9
0.09,-8.6,0,-4.8,9.9
0.1,-8.6,0,-4.8,9.9
0.11,-8.6,0,-4.8,9.9
0.12,-8.7,0.1,-4.9,10
0.13,-8.7,0.1,-4.9,10
0.14,-8.7,0.1,-4.9,10
0.15,-8.7,0.1,-4.9,10
0.16,-8.5,1.50E-04,-4.9,9.8
0.17,-8.5,1.50E-04,-4.9,9.8
0.18,-8.5,1.50E-04,-4.9,9.8
0.19,-8.5,1.50E-04,-4.9,9.8
0.2,-8.7,0.1,-4.8,10
0.21,-8.7,0.1,-4.8,10
0.22,-8.7,0.1,-4.8,10
0.23,-8.6,0.1,-4.9,9.9
0.24,-8.6,0.1,-4.9,9.9
0.25,-8.6,0.1,-4.9,9.9
0.26,-8.6,0.1,-4.9,9.9
0.27,-8.6,0.1,-4.9,9.9
0.28,-8.5,0,-4.9,9.8
0.29,-8.5,0,-4.9,9.8
0.3,-8.6,0,-4.9,9.9
0.31,-8.6,0,-4.9,9.9
0.32,-8.6,0,-4.9,9.9
0.33,-8.6,0,-4.9,9.9
0.34,-8.6,0,-5,9.9
0.35,-8.6,0,-5,9.9
0.36,-8.6,0,-5,9.9
0.37,-8.6,0,-5,9.9
0.38,-8.6,0,-5,9.9
0.39,-8.8,0,-4.9,10
0.4,-8.8,0,-4.9,10
0.41,-8.8,0,-4.9,10
0.42,-8.8,0,-4.9,10
0.43,-8.8,0,-4.9,10
0.44,-8.7,0.1,-4.9,10
0.45,-8.7,0.1,-4.9,10
0.46,-8.7,0.1,-4.9,10
0.47,-8.7,0.1,-4.9,10
0.48,-8.7,0.1,-4.9,10
0.49,-8.6,0.1,-4.8,9.9
0.5,-8.6,0.1,-4.8,9.9
0.51,-8.6,0.1,-4.8,9.9
0.52,-8.6,0.1,-4.8,9.9
0.53,-8.6,0.1,-4.8,9.9
0.54,-8.6,0.1,-4.9,9.9
0.55,-8.6,0.1,-4.9,9.9
0.56,-8.6,0.1,-4.9,9.9
0.57,-8.6,0.1,-4.9,9.9
0.58,-8.6,0.1,-4.9,9.9
0.59,-8.6,0.1,-4.9,9.9
0.6,-8.6,0.1,-4.9,9.9
0.61,-8.7,0.1,-4.8,9.9
0.62,-8.7,0.1,-4.8,9.9
0.63,-8.7,0.1,-4.8,9.9
0.64,-8.7,0.1,-4.8,9.9
0.65,-8.6,0,-4.9,9.9
0.66,-8.6,0,-4.9,9.9
0.67,-8.6,0,-4.9,9.9
0.68,-8.6,0,-4.9,9.9
0.69,-8.6,0,-4.9,9.9
0.7,-8.7,0.1,-4.8,9.9
0.71,-8.7,0.1,-4.8,9.9
0.72,-8.7,0.1,-4.8,9.9
0.73,-8.7,0.1,-4.8,9.9
0.74,-8.5,-0.1,-5.1,9.9
0.75,-8.5,-0.1,-5.1,9.9
0.76,-8.5,-0.1,-5.1,9.9
0.77,-8.6,-0.5,-5.2,10
0.78,-8.6,-0.5,-5.2,10
0.79,-8.6,-0.5,-5.2,10
0.8,-8.6,-0.5,-5.2,10
0.81,-8.6,-0.5,-5.2,10
0.82,-8.5,-0.5,-4.9,9.8
0.83,-8.5,-0.5,-4.9,9.8
0.84,-8.5,-0.8,-5.1,9.9
0.85,-8.5,-0.8,-5.1,9.9
0.86,-8.5,-0.8,-5.1,9.9
0.87,-8.5,-0.8,-5.1,9.9
0.88,-8.6,-0.8,-5,10
0.89,-8.6,-0.8,-5,10
0.9,-8.6,-0.8,-5,10
0.91,-8.6,-0.8,-5,10
0.92,-8.6,-0.8,-5,10
0.93,-8.3,-1.2,-4.9,9.7
0.94,-8.3,-1.2,-4.9,9.7
0.95,-8.3,-1.2,-4.9,9.7
0.96,-8.3,-1.2,-4.9,9.7
0.97,-8.6,-0.7,-4.8,9.9
0.98,-8.6,-0.7,-4.8,9.9
0.99,-8.6,-0.7,-4.8,9.9
1,-8.6,-0.7,-4.8,9.9
1.01,-8.6,-0.7,-4.8,9.9
1.02,-8.7,0.2,-4.5,9.8
1.03,-8.7,0.2,-4.5,9.8
1.04,-8.7,0.2,-4.5,9.8
1.05,-8.7,0.2,-4.5,9.8
1.06,-8.7,0.2,-4.5,9.8
1.07,-8.9,0.2,-4.8,10.1
1.08,-8.9,0.2,-4.8,10.1
1.09,-9.2,0.9,-4.8,10.4
1.1,-9.2,0.9,-4.8,10.4
1.11,-9.2,0.9,-4.8,10.4
1.12,-9.2,0.9,-4.8,10.4
1.13,-9.2,0.9,-4.8,10.4
1.14,-8.1,2.4,-5.3,10
1.15,-8.1,2.4,-5.3,10
1.16,-8.1,2.4,-5.3,10
1.17,-8.1,2.4,-5.3,10
1.18,-8.1,2.4,-5.3,10
1.19,-8.6,1,-4.6,9.8
1.2,-8.6,1,-4.6,9.8
1.21,-8.6,1,-4.6,9.8
1.22,-8.6,1,-4.6,9.8
1.23,-8.6,1,-4.6,9.8
1.24,-8.3,1.6,-4.5,9.6
1.25,-8.3,1.6,-4.5,9.6
1.26,-8.3,1.6,-4.5,9.6
1.27,-8.3,1.6,-4.5,9.6
1.28,-8.4,0.4,-4.9,9.7
1.29,-8.4,0.4,-4.9,9.7
1.3,-8.4,0.4,-4.9,9.7
1.31,-8.4,0.4,-4.9,9.7
1.32,-8.9,1.1,-4.9,10.2
1.33,-8.9,1.1,-4.9,10.2
1.34,-8.9,1.1,-4.9,10.2
1.35,-8.9,1.1,-4.9,10.2
1.36,-8.9,1,-4.6,10.1
1.37,-8.9,1,-4.6,10.1
1.38,-8.9,1,-4.6,10.1
1.39,-8.9,1,-4.6,10.1
1.4,-8.9,1,-4.6,10.1
1.41,-9.3,0.8,-5.7,10.9
1.42,-9.3,0.8,-5.7,10.9
1.43,-9.3,0.8,-5.7,10.9
1.44,-9.3,0.8,-5.7,10.9
1.45,-9.3,0.8,-5.7,10.9
1.46,-8.5,-1.6,-5.3,10.1
1.47,-8.5,-1.6,-5.3,10.1
1.48,-8.5,-1.6,-5.3,10.1
1.49,-8.5,-1.6,-5.3,10.1
1.5,-8.5,-1.6,-5.3,10.1
1.51,-7.3,1.7,-6.5,9.9
1.52,-7.3,1.7,-6.5,9.9
1.53,-7.3,1.7,-6.5,9.9
1.54,-7.3,1.7,-6.5,9.9
1.55,-7.3,1.7,-6.5,9.9
1.56,-6.9,0.9,-7.5,10.2
1.57,-6.9,0.9,-7.5,10.2
1.58,-8.5,1.2,-8.9,12.4
1.59,-8.5,1.2,-8.9,12.4
1.6,-8.5,1.2,-8.9,12.4
1.61,-8.5,1.2,-8.9,12.4
1.62,-8.8,-0.2,-6.9,11.1
1.63,-8.8,-0.2,-6.9,11.1
1.64,-8.8,-0.2,-6.9,11.1
1.65,-8.8,-0.2,-6.9,11.1
1.66,-8.8,-0.2,-6.9,11.1
1.67,-6.8,-1,-5.2,8.7
1.68,-6.8,-1,-5.2,8.7
1.69,-6.8,-1,-5.2,8.7
1.7,-6.8,-1,-5.2,8.7
1.71,-6.8,-1,-5.2,8.7
1.72,-8,-2.6,-2.8,8.9
1.73,-8,-2.6,-2.8,8.9
1.74,-8,-2.6,-2.8,8.9
1.75,-8,-2.6,-2.8,8.9
1.76,-8,-5.2,-4.2,10.4
1.77,-8,-5.2,-4.2,10.4
1.78,-8,-5.2,-4.2,10.4
1.79,-8,-5.2,-4.2,10.4
1.8,-8,-5.2,-4.2,10.4
1.81,-8.4,-4.5,-4.2,10.5
1.82,-8.4,-4.5,-4.2,10.5
1.83,-9.9,-7.4,-1.1,12.4
1.84,-9.9,-7.4,-1.1,12.4
1.85,-9.9,-7.4,-1.1,12.4
1.86,-9.9,-7.4,-1.1,12.4
1.87,-9.9,-7.4,-1.1,12.4
1.88,-8.7,-3.8,-3,10
1.89,-8.7,-3.8,-3,10
1.9,-8.7,-3.8,-3,10
1.91,-7.3,-2.5,-3.1,8.3
1.92,-7.3,-2.5,-3.1,8.3
1.93,-5.4,-4.4,-1.6,7.2
1.94,-5.4,-4.4,-1.6,7.2
1.95,-5.4,-4.4,-1.6,7.2
1.96,-5.4,-4.4,-1.6,7.2
1.97,-5.2,-6.7,-1.4,8.6
1.98,-5.2,-6.7,-1.4,8.6
1.99,-5.2,-6.7,-1.4,8.6
2,-5.2,-6.7,-1.4,8.6
2.01,-5.2,-6.7,-1.4,8.6
2.02,-6.7,-6,-0.8,9
2.03,-13.3,-4.7,-1,14.1
2.04,-13.3,-4.7,-1,14.1
2.05,-13.3,-4.7,-1,14.1
2.06,-13.3,-4.7,-1,14.1
2.07,-13.3,-4.7,-1,14.1
2.08,-9.7,-4.2,-2.5,10.9
2.09,-9.7,-4.2,-2.5,10.9
2.1,-9.7,-4.2,-2.5,10.9
2.11,-9.7,-4.2,-2.5,10.9
2.12,-9.7,-4.2,-2.5,10.9
2.13,-10,-4,-1,10.8
2.14,-10,-4,-1,10.8
2.15,-10,-4,-1,10.8
2.16,-10,-4,-1,10.8
2.17,-10,-4,-1,10.8
2.18,-11.2,-2.2,-2,11.6
2.19,-11.2,-2.2,-2,11.6
2.2,-11.2,-2.2,-2,11.6
2.21,-11.2,-2.2,-2,11.6
2.22,-11.2,-2.2,-2,11.6
2.23,-10.2,-0.9,-2.4,10.5
2.24,-10.2,-0.9,-2.4,10.5
2.25,-10.2,-0.9,-2.4,10.5
2.26,-11.5,0.1,-3.3,12
2.27,-11.5,0.1,-3.3,12
2.28,-11.5,0.1,-3.3,12
2.29,-11.5,0.1,-3.3,12
2.3,-11.5,0.1,-3.3,12
2.31,-11,-1.9,-2,11.3
2.32,-11,-1.9,-2,11.3
2.33,-11,-1.9,-2,11.3
2.34,-7.3,-3,-3.6,8.7
2.35,-7.3,-3,-3.6,8.7
2.36,-7.3,-3,-3.6,8.7
2.37,-7.3,-3,-3.6,8.7
2.38,-7.3,-3,-3.6,8.7
2.39,-7.6,-2.1,-4,8.8
2.4,-7.6,-2.1,-4,8.8
2.41,-8.2,-3.5,-5.7,10.6
2.42,-8.2,-3.5,-5.7,10.6
2.43,-8.2,-3.5,-5.7,10.6
2.44,-8.2,-3.5,-5.7,10.6
2.45,-8.2,-3.5,-5.7,10.6
2.46,-10.3,-3.1,-5.8,12.2
2.47,-10.3,-3.1,-5.8,12.2
2.48,-10.3,-3.1,-5.8,12.2
2.49,-10.3,-3.1,-5.8,12.2
2.5,-10.3,-3.1,-5.8,12.2
2.51,-8.5,-4.5,-5.6,11.1
2.52,-8.5,-4.5,-5.6,11.1
2.53,-8.5,-4.5,-5.6,11.1
2.54,-8.5,-4.5,-5.6,11.1
2.55,-8.5,-4.5,-5.6,11.1
2.56,-10.3,-5,-4.8,12.4
2.57,-10.3,-5,-4.8,12.4
2.58,-10.3,-5,-4.8,12.4
2.59,-10.3,-5,-4.8,12.4
2.6,-9.6,-2.8,-5.4,11.3
2.61,-9.6,-2.8,-5.4,11.3
2.62,-9.6,-2.8,-5.4,11.3
2.63,-9.6,-2.8,-5.4,11.3
2.64,-9.6,-2.8,-5.4,11.3
2.65,-9.8,-3,-6.2,12
2.66,-9.8,-3,-6.2,12
2.67,-9.3,-1,-5.9,11
2.68,-9.3,-1,-5.9,11
2.69,-9.3,-1,-5.9,11
2.7,-9.3,-1,-5.9,11
2.71,-8.7,-0.9,-6.1,10.7
2.72,-8.8,-0.1,-5.6,10.5
2.73,-8.8,-0.1,-5.6,10.5
2.74,-8.8,-0.1,-5.6,10.5
2.75,-8.8,-0.1,-5.6,10.5
2.76,-8.8,-0.1,-5.6,10.5
2.77,-10,0.2,-4.9,11.1
2.78,-10,0.2,-4.9,11.1
2.79,-10,0.2,-4.9,11.1
2.8,-10,0.2,-4.9,11.1
2.81,-10,0.2,-4.9,11.1
2.82,-9.4,-0.4,-6.7,11.6
2.83,-9.4,-0.4,-6.7,11.6
2.84,-9.4,-0.4,-6.7,11.6
2.85,-9.4,-0.4,-6.7,11.6
2.86,-9.4,-0.4,-6.7,11.6
2.87,-9.8,-0.8,-7,12
2.88,-9,-0.1,-7.7,11.9
2.89,-9,-0.1,-7.7,11.9
2.9,-9,-0.1,-7.7,11.9
2.91,-9,-0.1,-7.7,11.9
2.92,-4.4,-1,-6.5,7.9
2.93,-4.4,-1,-6.5,7.9
2.94,-4.4,-1,-6.5,7.9
2.95,-4.4,-1,-6.5,7.9
2.96,-4.4,-1,-6.5,7.9
2.97,-3.2,-2.1,-7,8
2.98,-3.2,-2.1,-7,8
2.99,-3.2,-2.1,-7,8
3,-0.1,-3.2,-8.6,9.1
3.01,-0.1,-3.2,-8.6,9.1
3.02,-0.1,-3.2,-8.6,9.1
3.03,-0.1,-3.2,-8.6,9.1
3.04,-0.1,-3.2,-8.6,9.1
3.05,-4,0.8,-7.3,8.4
3.06,-4,0.8,-7.3,8.4
3.07,-4,0.8,-7.3,8.4
3.08,-4,0.8,-7.3,8.4
3.09,-5,0,-7.1,8.6
3.1,-5,0,-7.1,8.6
3.11,-5,0,-7.1,8.6
3.12,-5,0,-7.1,8.6
3.13,-5,0,-7.1,8.6
3.14,-1.4,0.5,-6.9,7.1
3.15,-1.4,0.5,-6.9,7.1
3.16,-1.4,0.5,-6.9,7.1
3.17,-1.4,0.5,-6.9,7.1
3.18,-1.4,3.4,-5.5,6.6
3.19,-1.4,3.4,-5.5,6.6
3.2,-1.4,3.4,-5.5,6.6
3.21,-1.4,3.4,-5.5,6.6
3.22,-1.4,3.4,-5.5,6.6
3.23,-3.2,2.5,-6.9,8
3.24,-3.2,2.5,-6.9,8
3.25,-3.2,2.5,-6.9,8
3.26,-3.9,4.8,-6.6,9
3.27,-3.9,4.8,-6.6,9
3.28,-3.9,4.8,-6.6,9
3.29,-3.9,4.8,-6.6,9
3.3,-3.9,4.8,-6.6,9
3.31,-3,9.2,-7.6,12.3
3.32,-3,9.2,-7.6,12.3
3.33,-3,9.2,-7.6,12.3
3.34,-3,9.2,-7.6,12.3
3.35,-2.2,8.4,-6.6,10.9
3.36,-2.2,8.4,-6.6,10.9
3.37,-2.2,8.4,-6.6,10.9
3.38,-2.2,8.4,-6.6,10.9
3.39,-1.2,6.1,-6.8,9.2
3.4,-1.2,6.1,-6.8,9.2
3.41,-1.2,6.1,-6.8,9.2
3.42,-1.2,6.1,-6.8,9.2
3.43,-1.6,6.9,-6.4,9.5
3.44,-1.6,6.9,-6.4,9.5
3.45,-1.6,6.9,-6.4,9.5
3.46,-1.6,6.9,-6.4,9.5
3.47,-4.3,6.3,-7,10.4
3.48,-4.3,6.3,-7,10.4
3.49,-4.3,6.3,-7,10.4
3.5,-4.3,6.3,-7,10.4
3.51,-4.3,6.3,-7,10.4
3.52,-3.2,6.7,-7,10.2
3.53,-3.2,6.7,-7,10.2
3.54,-3.2,6.7,-7,10.2
3.55,-3.2,6.7,-7,10.2
3.56,-5.2,2.4,-6.6,8.7
3.57,-5.2,2.4,-6.6,8.7
3.58,-5.2,2.4,-6.6,8.7
3.59,-5.2,2.4,-6.6,8.7
3.6,-5.2,2.4,-6.6,8.7
3.61,-6.2,2.8,-5.6,8.8
3.62,-6.2,2.8,-5.6,8.8
3.63,-6.2,2.8,-5.6,8.8
3.64,-6.2,2.8,-5.6,8.8
3.65,-6.2,2.8,-5.6,8.8
3.66,-6,2.8,-8.4,10.7
3.67,-6,2.8,-8.4,10.7
3.68,-6,2.8,-8.4,10.7
3.69,-6,2.8,-8.4,10.7
3.7,-6,2.8,-8.4,10.7
3.71,-6.3,2.3,-8.1,10.5
3.72,-8.1,-2.1,-8.1,11.6
3.73,-8.1,-2.1,-8.1,11.6
3.74,-8.1,-2.1,-8.1,11.6
3.75,-8.1,-2.1,-8.1,11.6
3.76,-8.1,-2.1,-8.1,11.6
3.77,-7.7,3.1,-9.8,12.8
3.78,-7.7,3.1,-9.8,12.8
3.79,-7.7,3.1,-9.8,12.8
3.8,-7.7,3.1,-9.8,12.8
3.81,-7.7,3.1,-9.8,12.8
3.82,-5.1,3.8,-9.4,11.3
3.83,-5.1,3.8,-9.4,11.3
3.84,-5.1,3.8,-9.4,11.3
3.85,-6.6,0.9,-7.8,10.3
3.86,-6.6,0.9,-7.8,10.3
3.87,-6.6,0.9,-7.8,10.3
3.88,-6.6,0.9,-7.8,10.3
3.89,-6.6,0.9,-7.8,10.3
3.9,-6.5,-0.2,-6.5,9.2
3.91,-6.5,-0.2,-6.5,9.2
3.92,-6.5,-0.2,-6.5,9.2
3.93,-6.5,-0.2,-6.5,9.2
3.94,-6.5,-0.2,-6.5,9.2
3.95,-7.8,-3.7,-6.7,10.9
3.96,-7.8,-3.7,-6.7,10.9
3.97,-7.8,-3.7,-6.7,10.9
3.98,-7.8,-3.7,-6.7,10.9
3.99,-5.9,-3,-6.5,9.3
4,-5.9,-3,-6.5,9.3
4.01,-5.9,-3,-6.5,9.3
4.02,-5.9,-3,-6.5,9.3
4.03,-5.9,-3,-6.5,9.3
4.04,-6.2,-1,-6.3,9
4.05,-6.2,-1,-6.3,9
4.06,-6.2,-1,-6.3,9
4.07,-6.2,-1,-6.3,9
4.08,-6.2,-1,-6.3,9
4.09,-6.7,-1,-6.6,9.5
4.1,-6.7,-1,-6.6,9.5
4.11,-6.7,-1,-6.6,9.5
4.12,-6.7,-1,-6.6,9.5
4.13,-6.7,-1,-6.6,9.5
4.14,-6,1.1,-8.3,10.3
4.15,-6,1.1,-8.3,10.3
4.16,-6,1.1,-8.3,10.3
4.17,-6,1.1,-8.3,10.3
4.18,-6,1.1,-8.3,10.3
4.19,-6.9,0.3,-7.8,10.4
4.2,-6.9,0.3,-7.8,10.4
4.21,-6.9,0.3,-7.8,10.4
4.22,-6.9,0.3,-7.8,10.4
4.23,-7.6,0.8,-7.1,10.4
4.24,-7.6,0.8,-7.1,10.4
4.25,-7.6,0.8,-7.1,10.4
4.26,-7.6,0.8,-7.1,10.4
4.27,-7.6,0.8,-7.1,10.4
4.28,-6,0.5,-6.7,9
4.29,-6,0.5,-6.7,9
4.3,-6,0.5,-6.7,9
4.31,-6,0.5,-6.7,9
4.32,-6,0.5,-6.7,9
4.33,-6.6,0.2,-6.8,9.5
4.34,-6.6,0.2,-6.8,9.5
4.35,-6.6,0.2,-6.8,9.5
4.36,-6.6,0.2,-6.8,9.5
4.37,-7.4,0.5,-6.8,10.1
4.38,-7.4,0.5,-6.8,10.1
4.39,-7.4,0.5,-6.8,10.1
4.4,-7.4,0.5,-6.8,10.1
4.41,-8.2,-0.2,-6.4,10.4
4.42,-8.2,-0.2,-6.4,10.4
4.43,-8.2,-0.2,-6.4,10.4
4.44,-8.2,-0.2,-6.4,10.4
4.45,-5.8,4.4,-7.6,10.6
4.46,-5.8,4.4,-7.6,10.6
4.47,-5.8,4.4,-7.6,10.6
4.48,-5.8,4.4,-7.6,10.6
4.49,-5.8,4.4,-7.6,10.6
4.5,-5.1,4.9,-8.4,10.9
4.51,-5.1,4.9,-8.4,10.9
4.52,-5.1,4.9,-8.4,10.9
4.53,-5.1,4.9,-8.4,10.9
4.54,-5.1,4.9,-8.4,10.9
4.55,-4.6,3.2,-9.4,11
4.56,-4.6,3.2,-9.4,11
4.57,-4.6,3.2,-9.4,11
4.58,-4.6,3.2,-9.4,11
4.59,-4.6,3.2,-9.4,11
4.6,-2.9,3.5,-8.1,9.2
4.61,-2.9,3.5,-8.1,9.2
4.62,-2.9,3.5,-8.1,9.2
4.63,-2.9,3.5,-8.1,9.2
4.64,-5.6,2.9,-4.5,7.8
4.65,-5.6,2.9,-4.5,7.8
4.66,-5.6,2.9,-4.5,7.8
4.67,-5.6,2.9,-4.5,7.8
4.68,-5.6,2.9,-4.5,7.8
4.69,-7.3,5.5,-5.1,10.5
4.7,-7.3,5.5,-5.1,10.5
4.71,-7.3,5.5,-5.1,10.5
4.72,-7.3,5.5,-5.1,10.5
4.73,-5.7,6.1,-5.9,10.2
4.74,-5.7,6.1,-5.9,10.2
4.75,-5.7,6.1,-5.9,10.2
4.76,-5.7,6.1,-5.9,10.2
4.77,-5.7,6.1,-5.9,10.2
4.78,-7.5,2.5,-6,9.9
4.79,-7.5,2.5,-6,9.9
4.8,-7.5,2.5,-6,9.9
4.81,-7.5,2.5,-6,9.9
4.82,-7.5,2.5,-6,9.9
4.83,-9.2,0.2,-8.6,12.7
4.84,-9.2,0.2,-8.6,12.7
4.85,-9.2,0.2,-8.6,12.7
4.86,-7.6,-0.9,-9.6,12.3
4.87,-7.6,-0.9,-9.6,12.3
4.88,-7.6,-0.9,-9.6,12.3
4.89,-7.6,-0.9,-9.6,12.3
4.9,-7.6,-0.9,-9.6,12.3
4.91,-7.9,2.5,-8.4,11.8
4.92,-7.9,2.5,-8.4,11.8
4.93,-7.9,2.5,-8.4,11.8
4.94,-7.9,2.5,-8.4,11.8
4.95,-6.1,4.6,-6.1,9.8
4.96,-6.1,4.6,-6.1,9.8
4.97,-6.1,4.6,-6.1,9.8
4.98,-6.1,4.6,-6.1,9.8
4.99,-7.1,-1,-4.8,8.6
5,-7.1,-1,-4.8,8.6
5.01,-7.1,-1,-4.8,8.6
5.02,-7.1,-1,-4.8,8.6
5.03,-7.1,-1,-4.8,8.6
5.04,-7.2,1.4,-6.3,9.7
5.05,-7.2,1.4,-6.3,9.7
5.06,-7.2,1.4,-6.3,9.7
5.07,-7.2,1.4,-6.3,9.7
5.08,-6.6,0.5,-7.4,9.9
5.09,-6.6,0.5,-7.4,9.9
5.1,-6.6,0.5,-7.4,9.9
5.11,-3.8,0.2,-8.3,9.2
5.12,-3.8,0.2,-8.3,9.2
5.13,-3.8,0.2,-8.3,9.2
5.14,-3.8,0.2,-8.3,9.2
5.15,-3.8,0.2,-8.3,9.2
5.16,-5.7,1.8,-7.8,9.8
5.17,-5.7,1.8,-7.8,9.8
5.18,-5.7,1.8,-7.8,9.8
5.19,-5.7,1.8,-7.8,9.8
5.2,-5.7,1.8,-7.8,9.8
5.21,-7.3,1.4,-7.2,10.4
5.22,-7.3,1.4,-7.2,10.4
5.23,-7.3,1.4,-7.2,10.4
5.24,-7.3,1.4,-7.2,10.4
5.25,-7.3,1.4,-7.2,10.4
5.26,-5.9,0.4,-6.2,8.5
5.27,-5.9,0.4,-6.2,8.5
5.28,-5.9,0.4,-6.2,8.5
5.29,-5.9,0.4,-6.2,8.5
5.3,-5.9,0.4,-6.2,8.5
5.31,-5.9,1,-5.5,8.2
5.32,-5.9,1,-5.5,8.2
5.33,-5.9,1,-5.5,8.2
5.34,-5.9,1,-5.5,8.2
5.35,-5.9,1,-5.5,8.2
5.36,-7.3,-0.5,-3.6,8.2
5.37,-7.3,-0.5,-3.6,8.2
5.38,-7.3,-0.5,-3.6,8.2
5.39,-6.7,-1.9,-3.5,7.8
5.4,-6.7,-1.9,-3.5,7.8
5.41,-6.7,-1.9,-3.5,7.8
5.42,-6.7,-1.9,-3.5,7.8
5.43,-6.7,-1.9,-3.5,7.8
5.44,-6.7,-1.9,-3.5,7.8
5.45,-8.6,-2.6,-9.3,13
5.46,-8.6,-2.6,-9.3,13
5.47,-8.6,-2.6,-9.3,13
5.48,-8.6,-2.6,-9.3,13
5.49,-8.6,-2.6,-9.3,13
5.5,-13.1,-0.8,-8.1,15.4
5.51,-13.1,-0.8,-8.1,15.4
5.52,-13.1,-0.8,-8.1,15.4
5.53,-13.1,-0.8,-8.1,15.4
5.54,-13.1,-0.8,-8.1,15.4
5.55,-10.1,-2.6,-8.4,13.4
5.56,-10.1,-2.6,-8.4,13.4
5.57,-10.1,-2.6,-8.4,13.4
5.58,-10.1,-2.6,-8.4,13.4
5.59,-10.1,-2.6,-8.4,13.4
5.6,-8.9,-1.7,-7.3,11.7
5.61,-8.9,-1.7,-7.3,11.7
5.62,-8.9,-1.7,-7.3,11.7
5.63,-9.5,0.7,-5.4,10.9
5.64,-9.5,0.7,-5.4,10.9
5.65,-9.5,0.7,-5.4,10.9
5.66,-9.5,0.7,-5.4,10.9
5.67,-5.6,0.6,-5.2,7.7
5.68,-5.6,0.6,-5.2,7.7
5.69,-5.6,0.6,-5.2,7.7
5.7,-5.6,0.6,-5.2,7.7
5.71,-5.6,0.6,-5.2,7.7
5.72,-5.6,1.7,-5.2,7.8
5.73,-5.6,1.7,-5.2,7.8
5.74,-5.6,1.7,-5.2,7.8
5.75,-5.6,1.7,-5.2,7.8
5.76,-5.6,1.7,-5.2,7.8
5.77,-7.1,1.5,-4.1,8.3
5.78,-7.1,1.5,-4.1,8.3
5.79,-7.1,1.5,-4.1,8.3
5.8,-8.1,-0.3,-4.8,9.4
5.81,-8.1,-0.3,-4.8,9.4
5.82,-8.1,-0.3,-4.8,9.4
5.83,-8.1,-0.3,-4.8,9.4
5.84,-7.4,0.7,-6.4,9.9
5.85,-7.4,0.7,-6.4,9.9
5.86,-7.4,0.7,-6.4,9.9
5.87,-7.4,0.7,-6.4,9.9
5.88,-7.5,1.6,-6.5,10
5.89,-7.5,1.6,-6.5,10
5.9,-7.5,1.6,-6.5,10
5.91,-7.5,1.6,-6.5,10
5.92,-10.2,-0.1,-3.6,10.9
5.93,-10.2,-0.1,-3.6,10.9
5.94,-10.2,-0.1,-3.6,10.9
5.95,-10.2,-0.1,-3.6,10.9
5.96,-10.2,-0.1,-3.6,10.9
5.97,-7.6,-0.5,-6,9.7
5.98,-7.6,-0.5,-6,9.7
5.99,-7.6,-0.5,-6,9.7
6,-7.6,-0.5,-6,9.7
6.01,-7.2,-1.2,-4.4,8.6
6.02,-7.2,-1.2,-4.4,8.6
6.03,-7.2,-1.2,-4.4,8.6
6.04,-7.2,-1.2,-4.4,8.6
6.05,-7.2,-1.2,-4.4,8.6
6.06,-7.8,-0.8,-5,9.3
6.07,-8.6,-1,-5.1,10
6.08,-8.6,-1,-5.1,10
6.09,-8.6,-1,-5.1,10
6.1,-8.6,-1,-5.1,10
6.11,-8.6,-1,-5.1,10
6.12,-9.2,-3.6,-6.1,11.6
6.13,-9.2,-3.6,-6.1,11.6
6.14,-9.2,-3.6,-6.1,11.6
6.15,-9.2,-3.6,-6.1,11.6
6.16,-9.2,-3.6,-6.1,11.6
6.17,-7.8,0.1,-5.6,9.6
6.18,-7.8,0.1,-5.6,9.6
6.19,-7.8,0.1,-5.6,9.6
6.2,-7.8,0.1,-5.6,9.6
6.21,-7.8,0.1,-5.6,9.6
6.22,-10,-1.8,-5.1,11.4
6.23,-10,-1.8,-5.1,11.4
6.24,-10,-1.8,-5.1,11.4
6.25,-10,-1.8,-5.1,11.4
6.26,-10,-1.8,-5.1,11.4
6.27,-7.4,1.4,-4.5,8.8
6.28,-7.4,1.4,-4.5,8.8
6.29,-7.4,1.4,-4.5,8.8
6.3,-7.4,1.4,-4.5,8.8
6.31,-7.4,1.4,-4.5,8.8
6.32,-7.7,0.7,-3.8,8.7
6.33,-7.7,0.7,-3.8,8.7
6.34,-7.7,0.7,-3.8,8.7
6.35,-7.7,0.7,-3.8,8.7
6.36,-7.7,0.7,-3.8,8.7
6.37,-10.5,1.4,-3.1,11
6.38,-10.5,1.4,-3.1,11
6.39,-10.5,1.4,-3.1,11
6.4,-10.5,1.4,-3.1,11
6.41,-10.5,1.4,-3.1,11
6.42,-9.7,-0.6,-3.6,10.3
6.43,-9.7,-0.6,-3.6,10.3
6.44,-9.7,-0.6,-3.6,10.3
6.45,-9.7,-0.6,-3.6,10.3
6.46,-9.5,0.7,-3.7,10.2
6.47,-9.5,0.7,-3.7,10.2
6.48,-9.5,0.7,-3.7,10.2
6.49,-9.5,0.7,-3.7,10.2
6.5,-9.5,1,-2.5,9.9
6.51,-9.5,1,-2.5,9.9
6.52,-9.5,1,-2.5,9.9
6.53,-9.5,1,-2.5,9.9
6.54,-8.3,0.8,-2.4,8.7
6.55,-8.3,0.8,-2.4,8.7
6.56,-8.3,0.8,-2.4,8.7
6.57,-8.3,0.8,-2.4,8.7
6.58,-7.7,0.2,-2.5,8.1
6.59,-7.7,0.2,-2.5,8.1
6.6,-7.7,0.2,-2.5,8.1
6.61,-7.7,0.2,-2.5,8.1
6.62,-7.3,2.3,-2.7,8.2
6.63,-7.3,2.3,-2.7,8.2
6.64,-7.3,2.3,-2.7,8.2
6.65,-7.7,1.7,-2.5,8.3
6.66,-7.7,1.7,-2.5,8.3
6.67,-7.7,1.7,-2.5,8.3
6.68,-7.7,1.7,-2.5,8.3
6.69,-8.5,1,-1.5,8.7
6.7,-8.5,1,-1.5,8.7
6.71,-8.5,1,-1.5,8.7
6.72,-8.5,1,-1.5,8.7
6.73,-8.5,1,-1.5,8.7
6.74,-7.6,0.7,-3.6,8.4
6.75,-7.6,0.7,-3.6,8.4
6.76,-7.6,0.7,-3.6,8.4
6.77,-7.6,0.7,-3.6,8.4
6.78,-7.6,0.7,-3.6,8.4
6.79,-8.5,1.6,-3.9,9.5
6.8,-8.5,1.6,-3.9,9.5
6.81,-8.5,1.6,-3.9,9.5
6.82,-8.5,1.6,-3.9,9.5
6.83,-8.5,1.6,-3.9,9.5
6.84,-6.6,1.8,-2.3,7.3
6.85,-6.6,1.8,-2.3,7.3
6.86,-6.6,1.8,-2.3,7.3
6.87,-6.6,1.8,-2.3,7.3
6.88,-6.6,1.8,-2.3,7.3
6.89,-8.2,-1.4,-3.4,9
6.9,-8.2,-1.4,-3.4,9
6.91,-8.2,-1.4,-3.4,9
6.92,-8.2,-1.4,-3.4,9
6.93,-8.2,-1.4,-3.4,9
6.94,-4.8,1.7,-1.7,5.4
6.95,-4.8,1.7,-1.7,5.4
6.96,-4.8,1.7,-1.7,5.4
6.97,-4.8,1.7,-1.7,5.4
6.98,-4.8,1.7,-1.7,5.4
6.99,-7,0.6,-1.1,7.1
7,-7,0.6,-1.1,7.1
7.01,-7,0.6,-1.1,7.1
7.02,-7,0.6,-1.1,7.1
7.03,-14.5,-2.3,-1.9,14.8
7.04,-14.5,-2.3,-1.9,14.8
7.05,-14.5,-2.3,-1.9,14.8
7.06,-14.5,-2.3,-1.9,14.8
7.07,-14.5,-2.3,-1.9,14.8
7.08,-24,-3.3,-4.5,24.7
7.09,-24,-3.3,-4.5,24.7
7.1,-24,-3.3,-4.5,24.7
7.11,-24,-3.3,-4.5,24.7
7.12,-24,-3.3,-4.5,24.7
7.13,-14.1,-2.6,-2.2,14.5
7.14,-14.1,-2.6,-2.2,14.5
7.15,-14.1,-2.6,-2.2,14.5
7.16,-14.1,-2.6,-2.2,14.5
7.17,-18.1,-0.6,-3.7,18.5
7.18,-18.1,-0.6,-3.7,18.5
7.19,-18.1,-0.6,-3.7,18.5
7.2,-18.1,-0.6,-3.7,18.5
7.21,-5.4,-0.3,-1.2,5.6
7.22,-5.4,-0.3,-1.2,5.6
7.23,-5.4,-0.3,-1.2,5.6
7.24,-5.4,-0.3,-1.2,5.6
7.25,-5.4,-0.3,-1.2,5.6
7.26,-3.7,-0.3,-2.4,4.4
7.27,-3.7,-0.3,-2.4,4.4
7.28,-3.7,-0.3,-2.4,4.4
7.29,-3.7,-0.3,-2.4,4.4
7.3,-3.7,-0.3,-2.4,4.4
7.31,-8.5,0.8,-0.7,8.5
7.32,-8.5,0.8,-0.7,8.5
7.33,-8.5,0.8,-0.7,8.5
7.34,-10.4,0.1,0.2,10.4
7.35,-10.4,0.1,0.2,10.4
7.36,-10.4,0.1,0.2,10.4
7.37,-7,0.7,-2.6,7.5
7.38,-7,0.7,-2.6,7.5
7.39,-7,0.7,-2.6,7.5
7.4,-7,0.7,-2.6,7.5
7.41,-7,0.7,-2.6,7.5
7.42,-10.9,1.8,-1.8,11.2
7.43,-10.9,1.8,-1.8,11.2
7.44,-10.9,1.8,-1.8,11.2
7.45,-10.9,1.8,-1.8,11.2
7.46,-10.9,1.8,-1.8,11.2
7.47,-13.3,0.9,-0.7,13.3
7.48,-13.3,0.9,-0.7,13.3
7.49,-13.3,0.9,-0.7,13.3
7.5,-13.3,0.9,-0.7,13.3
7.51,-13.3,0.9,-0.7,13.3
7.52,-10.1,0.2,-0.3,10.1
7.53,-10.1,0.2,-0.3,10.1
7.54,-10.1,0.2,-0.3,10.1
7.55,-10.1,0.2,-0.3,10.1
7.56,-10.1,0.2,-0.3,10.1
7.57,-8.7,1.6,-0.9,8.8
7.58,-8.7,1.6,-0.9,8.8
7.59,-8.7,1.6,-0.9,8.8
7.6,-8.7,1.6,-0.9,8.8
7.61,-9.6,0.4,0.4,9.6
7.62,-9.6,0.4,0.4,9.6
7.63,-9.6,0.4,0.4,9.6
7.64,-9.6,0.4,0.4,9.6
7.65,-9.6,0.4,0.4,9.6
7.66,-10,0.8,-0.2,10
7.67,-10,0.8,-0.2,10
7.68,-10,0.8,-0.2,10
7.69,-10,0.8,-0.2,10
7.7,-9.4,0.6,-0.6,9.4
7.71,-9.4,0.6,-0.6,9.4
7.72,-9.4,0.6,-0.6,9.4
7.73,-9.4,0.6,-0.6,9.4
7.74,-9.4,0.6,-0.6,9.4
7.75,-9.8,0.9,-0.1,9.9
7.76,-9.8,0.9,-0.1,9.9
7.77,-9.8,0.9,-0.1,9.9
7.78,-9.8,0.9,-0.1,9.9
7.79,-9.8,0.9,-0.1,9.9
7.8,-9.8,0.7,-0.5,9.9
7.81,-9.8,0.7,-0.5,9.9
7.82,-9.8,0.7,-0.5,9.9
7.83,-9.8,0.7,-0.5,9.9
7.84,-9.9,0.9,-0.3,9.9
7.85,-9.9,0.9,-0.3,9.9
7.86,-9.9,0.9,-0.3,9.9
7.87,-9.9,0.9,-0.3,9.9
7.88,-9.9,0.9,-0.3,9.9
7.89,-9.8,1,-0.1,9.9
7.9,-9.8,1,-0.1,9.9
7.91,-9.8,1,-0.1,9.9
7.92,-9.8,1,-0.1,9.9
7.93,-9.8,1,-0.1,9.9
7.94,-9.6,0.9,-0.6,9.7
7.95,-9.6,0.9,-0.6,9.7
7.96,-9.6,0.9,-0.6,9.7
7.97,-9.8,1,-0.7,9.9
7.98,-9.8,1,-0.7,9.9
7.99,-9.8,1,-0.7,9.9
8,-9.8,1,-0.7,9.9
8.01,-10.5,1.3,-1,10.6
8.02,-10.5,1.3,-1,10.6
8.03,-10.5,1.3,-1,10.6
8.04,-10.5,1.3,-1,10.6
8.05,-9.8,0.5,-1,9.8
8.06,-9.8,0.5,-1,9.8
8.07,-9.8,0.5,-1,9.8
8.08,-9.8,0.5,-1,9.8
8.09,-9.8,0.5,-1,9.8
8.1,-10.3,0.5,-0.7,10.3
8.11,-10.3,0.5,-0.7,10.3
8.12,-10.3,0.5,-0.7,10.3
8.13,-10.3,0.5,-0.7,10.3
8.14,-10.3,0.5,-0.7,10.3
8.15,-10.1,0.2,-1.2,10.2
8.16,-10.1,0.2,-1.2,10.2
8.17,-10.1,0.2,-1.2,10.2
8.18,-10.1,0.2,-1.2,10.2
8.19,-10.1,0.2,-1.2,10.2
8.2,-10.1,0.8,-0.9,10.1
8.21,-10.1,0.8,-0.9,10.1
8.22,-10.1,0.8,-0.9,10.1
8.23,-10.1,0.8,-0.9,10.1
8.24,-11.5,-0.1,-0.5,11.5
8.25,-11.5,-0.1,-0.5,11.5
8.26,-11.5,-0.1,-0.5,11.5
8.27,-11.5,-0.1,-0.5,11.5
8.28,-11.5,-0.1,-0.5,11.5
8.29,-10.7,0.5,-1.2,10.8
8.3,-10.7,0.5,-1.2,10.8
8.31,-12.4,0.3,-2.3,12.6
8.32,-12.4,0.3,-2.3,12.6
8.33,-12.4,0.3,-2.3,12.6
8.34,-12.4,0.3,-2.3,12.6
8.35,-12.4,0.3,-2.3,12.6
8.36,-12.8,0.8,-1.6,12.9
8.37,-12.8,0.8,-1.6,12.9
8.38,-12.8,0.8,-1.6,12.9
8.39,-12.8,0.8,-1.6,12.9
8.4,-12.8,0.8,-1.6,12.9
8.41,-10.8,3,-0.7,11.3
8.42,-10.8,3,-0.7,11.3
8.43,-9.9,2.5,-1.5,10.3
8.44,-9.9,2.5,-1.5,10.3
8.45,-9.9,2.5,-1.5,10.3
8.46,-9.9,2.5,-1.5,10.3
8.47,-12.2,0,-5,13.2
8.48,-12.2,0,-5,13.2
8.49,-12.2,0,-5,13.2
8.5,-12.2,0,-5,13.2
8.51,-11.6,-3,-1.2,12.1
8.52,-11.6,-3,-1.2,12.1
8.53,-11.6,-3,-1.2,12.1
8.54,-9.9,-2,-2.1,10.3
8.55,-9.9,-2,-2.1,10.3
8.56,-9.9,-2,-2.1,10.3
8.57,-9.9,-2,-2.1,10.3
8.58,-9.9,-2,-2.1,10.3
8.59,-10.8,-1.3,-3.4,11.4
8.6,-10.8,-1.3,-3.4,11.4
8.61,-10.8,-1.3,-3.4,11.4
8.62,-10.8,-1.3,-3.4,11.4
8.63,-10.8,-1.3,-3.4,11.4
8.64,-8.7,-1.8,-1.7,9
8.65,-8.7,-1.8,-1.7,9
8.66,-8.7,-1.8,-1.7,9
8.67,-8.7,-1.8,-1.7,9
8.68,-10.6,-0.7,-2.2,10.9
8.69,-10.6,-0.7,-2.2,10.9
8.7,-10.6,-0.7,-2.2,10.9
8.71,-10.6,-0.7,-2.2,10.9
8.72,-8.2,-2,-2.9,9
8.73,-8.2,-2,-2.9,9
8.74,-8.2,-2,-2.9,9
8.75,-8.2,-2,-2.9,9
8.76,-8.1,-0.7,-3,8.7
8.77,-8.1,-0.7,-3,8.7
8.78,-8.1,-0.7,-3,8.7
8.79,-8.1,-0.7,-3,8.7
8.8,-8.1,-0.7,-3,8.7
8.81,-8.7,-1.6,-3,9.4
8.82,-8.7,-1.6,-3,9.4
8.83,-8.7,-1.6,-3,9.4
8.84,-8,-0.1,-4.2,9
8.85,-8,-0.1,-4.2,9
8.86,-8,-0.1,-4.2,9
8.87,-8,-0.1,-4.2,9
8.88,-8,-0.1,-4.2,9
8.89,-7.7,-1.1,-4.4,9
8.9,-7.7,-1.1,-4.4,9
8.91,-7.7,-1.1,-4.4,9
8.92,-7.7,-1.1,-4.4,9
8.93,-7.7,-1.1,-4.4,9
8.94,-9.2,-1.3,-4.8,10.5
8.95,-9.2,-1.3,-4.8,10.5
8.96,-9.2,-1.3,-4.8,10.5
8.97,-9.2,-1.3,-4.8,10.5
8.98,-9.2,-1.3,-4.8,10.5
8.99,-9.5,-1.3,-5,10.8
9,-9.5,-1.3,-5,10.8
9.01,-9.5,-1.3,-5,10.8
9.02,-9.5,-1.3,-5,10.8
9.03,-8.3,0.1,-5.4,9.9
9.04,-8.3,0.1,-5.4,9.9
9.05,-8.3,0.1,-5.4,9.9
9.06,-8.3,0.1,-5.4,9.9
9.07,-7.9,-0.1,-5.2,9.5
9.08,-7.9,-0.1,-5.2,9.5
9.09,-7.9,-0.1,-5.2,9.5
9.1,-7.9,-0.1,-5.2,9.5
9.11,-7.9,-0.1,-5.2,9.5
9.12,-6.7,1.9,-5.5,8.9
9.13,-6.7,1.9,-5.5,8.9
9.14,-6.7,1.9,-5.5,8.9
9.15,-6.7,1.9,-5.5,8.9
9.16,-6.7,1.9,-5.5,8.9
9.17,-6,3,-5.2,8.5
9.18,-6,3,-5.2,8.5
9.19,-6,3,-5.2,8.5
9.2,-6,3,-5.2,8.5
9.21,-6,3,-5.2,8.5
9.22,-4.3,2,-4.5,6.5
9.23,-4.3,2,-4.5,6.5
9.24,-4.3,2,-4.5,6.5
9.25,-4.3,2,-4.5,6.5
9.26,-4,1.9,-4.4,6.3
9.27,-4,1.9,-4.4,6.3
9.28,-3.8,2.6,-5.8,7.4
9.29,-3.8,2.6,-5.8,7.4
9.3,-3.8,2.6,-5.8,7.4
9.31,-3.8,2.6,-5.8,7.4
9.32,-3.8,2.6,-5.8,7.4
9.33,-4.1,1.9,-6.3,7.8
9.34,-4.1,1.9,-6.3,7.8
9.35,-6.3,1.2,-6.2,8.9
9.36,-6.3,1.2,-6.2,8.9
9.37,-6.3,1.2,-6.2,8.9
9.38,-6.3,1.2,-6.2,8.9
9.39,-7.2,2.2,-5.1,9.1
9.4,-7.2,2.2,-5.1,9.1
9.41,-7.2,2.2,-5.1,9.1
9.42,-7.2,2.2,-5.1,9.1
9.43,-7.2,2.2,-5.1,9.1
9.44,-8.7,-0.3,-5.4,10.3
9.45,-8.7,-0.3,-5.4,10.3
9.46,-8.7,-0.3,-5.4,10.3
9.47,-8.7,-0.3,-5.4,10.3
9.48,-10.1,1.2,-6.9,12.3
9.49,-10.1,1.2,-6.9,12.3
9.5,-10.1,1.2,-6.9,12.3
9.51,-10.1,1.2,-6.9,12.3
9.52,-10.1,1.2,-6.9,12.3
9.53,-9.4,0.3,-6.9,11.7
9.54,-9.4,0.3,-6.9,11.7
9.55,-9.4,0.3,-6.9,11.7
9.56,-9.4,0.3,-6.9,11.7
9.57,-10.8,0.1,-6.6,12.7
9.58,-10.8,0.1,-6.6,12.7
9.59,-10.8,0.1,-6.6,12.7
9.6,-10.8,0.1,-6.6,12.7
9.61,-9.2,0,-5.4,10.6
9.62,-9.2,0,-5.4,10.6
9.63,-9.2,0,-5.4,10.6
9.64,-9.2,0,-5.4,10.6
9.65,-9.2,0,-5.4,10.6
9.66,-8.5,0,-5.4,10
9.67,-8.5,0,-5.4,10
9.68,-7.4,0.7,-6.3,9.8
9.69,-7.4,0.7,-6.3,9.8
9.7,-7.4,0.7,-6.3,9.8
9.71,-7.4,0.7,-6.3,9.8
9.72,-7.4,0.7,-6.3,9.8
9.73,-7.4,0.7,-6.3,9.8
9.74,-6.3,-0.4,-5.4,8.4
9.75,-6.3,-0.4,-5.4,8.4
9.76,-6.3,-0.4,-5.4,8.4
9.77,-7.7,-3.3,-5.5,10
9.78,-7.7,-3.3,-5.5,10
9.79,-7.7,-3.3,-5.5,10
9.8,-7.7,-3.3,-5.5,10
9.81,-7.7,-3.3,-5.5,10
9.82,-8.9,-4.4,-4.7,11
9.83,-8.9,-4.4,-4.7,11
9.84,-8.9,-4.4,-4.7,11
9.85,-8.9,-4.4,-4.7,11
9.86,-7.6,0.2,-3,8.2
9.87,-7.6,0.2,-3,8.2
9.88,-7.6,0.2,-3,8.2
9.89,-7.6,0.2,-3,8.2
9.9,-7.6,0.2,-3,8.2
9.91,-4.9,-0.7,-5.4,7.3
9.92,-4.9,-0.7,-5.4,7.3
9.93,-4.9,-0.7,-5.4,7.3
9.94,-4.9,-0.7,-5.4,7.3
9.95,-4.9,-0.7,-5.4,7.3
9.96,-6.5,-1,-5.5,8.5
9.97,-6.5,-1,-5.5,8.5
9.98,-6.5,-1,-5.5,8.5
9.99,-6.5,-1,-5.5,8.5
10,-8.1,-1.7,-7.2,10.9
10.01,-8.1,-1.7,-7.2,10.9
10.02,-8.1,-1.7,-7.2,10.9
10.03,-8.1,-1.7,-7.2,10.9
10.04,-8.1,-1.7,-7.2,10.9
10.05,-8.9,-1.4,-6.5,11.2
10.06,-8.9,-1.4,-6.5,11.2
10.07,-8.9,-1.4,-6.5,11.2
10.08,-8.9,-1.4,-6.5,11.2
10.09,-8.9,-1.4,-6.5,11.2
10.1,-9.1,-4.3,-6.2,11.8
10.11,-9.1,-4.3,-6.2,11.8
10.12,-9.1,-4.3,-6.2,11.8
10.13,-9.1,-4.3,-6.2,11.8
10.14,-9.1,-4.3,-6.2,11.8
10.15,-7.1,-2.9,-4.9,9.1
10.16,-7.1,-2.9,-4.9,9.1
10.17,-7.1,-2.9,-4.9,9.1
10.18,-7.1,-2.9,-4.9,9.1
10.19,-7.1,-2.9,-4.9,9.1
10.2,-8.6,-2.4,-4.5,10
10.21,-8.6,-2.4,-4.5,10
10.22,-8.6,-2.4,-4.5,10
10.23,-8.6,-2.4,-4.5,10
10.24,-8.6,-2.4,-4.5,10
10.25,-7.6,2,-6.6,10.3
10.26,-7.6,2,-6.6,10.3
10.27,-7.6,2,-6.6,10.3
10.28,-7,2.9,-7.8,10.9
10.29,-7,2.9,-7.8,10.9
10.3,-7,2.9,-7.8,10.9
10.31,-7,2.9,-7.8,10.9
10.32,-7,2.9,-7.8,10.9
10.33,-7.9,0.6,-7.6,11
10.34,-7.9,0.6,-7.6,11
10.35,-7.9,0.6,-7.6,11
10.36,-7.9,0.6,-7.6,11
10.37,-7.9,0.6,-7.6,11
10.38,-8,0.5,-7.4,11
10.39,-8,0.5,-7.4,11
10.4,-8,0.5,-7.4,11
10.41,-8,0.5,-7.4,11
10.42,-6.6,1.8,-6.8,9.7
10.43,-6.6,1.8,-6.8,9.7
10.44,-6.6,1.8,-6.8,9.7
10.45,-6.6,1.8,-6.8,9.7
10.46,-7.2,2.2,-6.3,9.8
10.47,-7.2,2.2,-6.3,9.8
10.48,-7.2,2.2,-6.3,9.8
10.49,-7.2,2.2,-6.3,9.8
10.5,-7.2,2.2,-6.3,9.8
10.51,-6.7,3,-6.5,9.8
10.52,-6.7,3,-6.5,9.8
10.53,-6.7,3,-6.5,9.8
10.54,-6.7,3,-6.5,9.8
10.55,-7,2.3,-6.7,9.9
10.56,-7,2.3,-6.7,9.9
10.57,-7,2.3,-6.7,9.9
10.58,-7,2.3,-6.7,9.9
10.59,-7.2,3.8,-7.4,11
10.6,-7.2,3.8,-7.4,11
10.61,-7.2,3.8,-7.4,11
10.62,-7.2,3.8,-7.4,11
10.63,-6.6,4,-7.1,10.5
10.64,-6.6,4,-7.1,10.5
10.65,-6.6,4,-7.1,10.5
10.66,-6.6,4,-7.1,10.5
10.67,-6.6,4,-7.1,10.5
10.68,-6.5,4.3,-7.2,10.6
10.69,-6.5,4.3,-7.2,10.6
10.7,-6.5,4.3,-7.2,10.6
10.71,-6.5,4.3,-7.2,10.6
10.72,-6.3,4.1,-7.1,10.3
10.73,-6.3,4.1,-7.1,10.3
10.74,-6.3,4.1,-7.1,10.3
10.75,-6.3,4.1,-7.1,10.3
10.76,-6.3,4.1,-7.1,10.3
10.77,-4.6,6.4,-7.4,10.9
10.78,-4.6,6.4,-7.4,10.9
10.79,-4.6,6.4,-7.4,10.9
10.8,-4.6,6.4,-7.4,10.9
10.81,-4.6,6.4,-7.4,10.9
10.82,-4.4,5.2,-6.7,9.6
10.83,-4.4,5.2,-6.7,9.6
10.84,-4.4,5.2,-6.7,9.6
10.85,-4.4,5.2,-6.7,9.6
10.86,-4.4,5.2,-6.7,9.6
10.87,-3.8,4.8,-6.9,9.2
10.88,-3.8,4.8,-6.9,9.2
10.89,-3.8,4.8,-6.9,9.2
10.9,-3.8,4.8,-6.9,9.2
10.91,-5.1,3.7,-6.5,9
10.92,-5.1,3.7,-6.5,9
10.93,-5.1,3.7,-6.5,9
10.94,-5.1,3.7,-6.5,9
10.95,-5.1,3.7,-6.5,9
10.96,-6.8,0.1,-8.4,10.8
10.97,-6.8,0.1,-8.4,10.8
10.98,-6.8,0.1,-8.4,10.8
10.99,-6.8,0.1,-8.4,10.8
11,-6.8,0.1,-8.4,10.8
11.01,-8.9,-4.6,-9.5,13.8
11.02,-8.9,-4.6,-9.5,13.8
11.03,-8.9,-4.6,-9.5,13.8
11.04,-8.9,-4.6,-9.5,13.8
11.05,-8.9,-4.6,-9.5,13.8
11.06,-6.7,-2.8,-7,10.1
11.07,-6.7,-2.8,-7,10.1
11.08,-6.7,-2.8,-7,10.1
11.09,-6.7,-2.8,-7,10.1
11.1,-6.7,-2.8,-7,10.1
11.11,-5,-2.4,-6.5,8.5
11.12,-5,-2.4,-6.5,8.5
11.13,-5,-2.4,-6.5,8.5
11.14,-5,-2.4,-6.5,8.5
11.15,-5,-2.4,-6.5,8.5
11.16,-4.6,-3.2,-6.1,8.3
11.17,-4.8,-2.1,-6.3,8.2
11.18,-4.8,-2.1,-6.3,8.2
11.19,-4.8,-2.1,-6.3,8.2
11.2,-4.8,-2.1,-6.3,8.2
11.21,-4.8,-2.1,-6.3,8.2
11.22,-5.5,-1.5,-8.2,10
11.23,-5.5,-1.5,-8.2,10
11.24,-5.5,-1.5,-8.2,10
11.25,-5.5,-1.5,-8.2,10
11.26,-5.5,-1.5,-8.2,10
11.27,-5.4,-2.7,-7.9,10
11.28,-5.4,-2.7,-7.9,10
11.29,-5.4,-2.7,-7.9,10
11.3,-5.4,-2.7,-7.9,10
11.31,-5.8,-0.8,-7.5,9.5
11.32,-5.8,-0.8,-7.5,9.5
11.33,-5.8,-0.8,-7.5,9.5
11.34,-5.8,-0.8,-7.5,9.5
11.35,-5.8,-0.8,-7.5,9.5
11.36,-5.4,0.6,-7.4,9.2
11.37,-5.4,0.6,-7.4,9.2
11.38,-5.4,0.6,-7.4,9.2
11.39,-5.4,0.6,-7.4,9.2
11.4,-5.4,0.6,-7.4,9.2
11.41,-7.6,6.1,-8.9,13.2
11.42,-7.6,6.1,-8.9,13.2
11.43,-7.6,6.1,-8.9,13.2
11.44,-7.6,6.1,-8.9,13.2
11.45,-7.6,6.1,-8.9,13.2
11.46,-5.8,6.5,-8.6,12.2
11.47,-5.8,6.5,-8.6,12.2
11.48,-5.8,6.5,-8.6,12.2
11.49,-5.8,6.5,-8.6,12.2
11.5,-5.8,6.5,-8.6,12.2
11.51,-5.5,3.3,-7.4,9.8
11.52,-5.5,3.3,-7.4,9.8
11.53,-5.5,3.3,-7.4,9.8
11.54,-5.5,3.3,-7.4,9.8
11.55,-5.5,3.3,-7.4,9.8
11.56,-5.3,3.3,-7.3,9.6
11.57,-5.3,3.3,-7.3,9.6
11.58,-5.3,3.3,-7.3,9.6
11.59,-3.2,2,-7.2,8.1
11.6,-3.2,2,-7.2,8.1
11.61,-3.2,2,-7.2,8.1
11.62,-3.2,2,-7.2,8.1
11.63,-3.2,2,-7.2,8.1
11.64,-4.1,1.7,-7.3,8.5
11.65,-4.1,1.7,-7.3,8.5
11.66,-4.1,1.7,-7.3,8.5
11.67,-5.7,3.6,-7.1,9.8
11.68,-5.7,3.6,-7.1,9.8
11.69,-5.7,3.6,-7.1,9.8
11.7,-5.7,3.6,-7.1,9.8
11.71,-5.7,3.6,-7.1,9.8
11.72,-6,3.3,-8.1,10.6
11.73,-6,3.3,-8.1,10.6
11.74,-6,3.3,-8.1,10.6
11.75,-6,3.3,-8.1,10.6
11.76,-5.3,2.8,-7,9.2
11.77,-5.3,2.8,-7,9.2
11.78,-5.3,2.8,-7,9.2
11.79,-4.4,2.6,-6.6,8.4
11.8,-4.4,2.6,-6.6,8.4
11.81,-4.4,2.6,-6.6,8.4
11.82,-4.4,2.6,-6.6,8.4
11.83,-4.4,0.9,-7.5,8.8
11.84,-4.4,0.9,-7.5,8.8
11.85,-4.4,0.9,-7.5,8.8
11.86,-4.4,0.9,-7.5,8.8
11.87,-4.8,0.6,-7,8.5
11.88,-4.8,0.6,-7,8.5
11.89,-4.8,0.6,-7,8.5
11.9,-7.5,1.2,-7.5,10.7
11.91,-7.5,1.2,-7.5,10.7
11.92,-7.5,1.2,-7.5,10.7
11.93,-7.5,1.2,-7.5,10.7
11.94,-7.5,1.2,-7.5,10.7
11.95,-7.5,2.5,-8.5,11.6
11.96,-7.5,2.5,-8.5,11.6
11.97,-7.5,2.5,-8.5,11.6
11.98,-7.5,2.5,-8.5,11.6
11.99,-7.5,2.5,-8.5,11.6
12,-6.9,1.1,-9.1,11.5
12.01,-6.9,1.1,-9.1,11.5
12.02,-6.9,1.1,-9.1,11.5
12.03,-6.9,1.1,-9.1,11.5
12.04,-6.9,1.1,-9.1,11.5
12.05,-7.2,0.4,-7,10.1
12.06,-7.2,0.4,-7,10.1
12.07,-7.2,0.4,-7,10.1
12.08,-7.2,0.4,-7,10.1
12.09,-7.2,0.4,-7,10.1
12.1,-8,0.9,-7.2,10.8
12.11,-8.9,2.5,-6.2,11.1
12.12,-8.9,2.5,-6.2,11.1
12.13,-8.9,2.5,-6.2,11.1
12.14,-8.9,2.5,-6.2,11.1
12.15,-8.9,2.5,-6.2,11.1
12.16,-7.6,-1,-6.8,10.2
12.17,-7.6,-1,-6.8,10.2
12.18,-7.6,-1,-6.8,10.2
12.19,-7.6,-1,-6.8,10.2
12.2,-7.8,-0.5,-6,9.8
12.21,-7.8,-0.5,-6,9.8
12.22,-7.8,-0.5,-6,9.8
12.23,-7.8,-0.5,-6,9.8
12.24,-7.8,-0.5,-6,9.8
12.25,-7.1,-2.2,-4.7,8.8
12.26,-7.1,-2.2,-4.7,8.8
12.27,-7.1,-2.2,-4.7,8.8
12.28,-7.1,-2.2,-4.7,8.8
12.29,-7.1,-2.2,-4.7,8.8
12.3,-6.6,-4.2,-2.3,8.2
12.31,-6.6,-4.2,-2.3,8.2
12.32,-6.6,-4.2,-2.3,8.2
12.33,-6.6,-4.2,-2.3,8.2
12.34,-6.6,-4.2,-2.3,8.2
12.35,-6.4,-6,-2.2,9
12.36,-6.4,-6,-2.2,9
12.37,-6.4,-6,-2.2,9
12.38,-6.4,-6,-2.2,9
12.39,-6.4,-6,-2.2,9
12.4,-4.1,-1.8,-7,8.3
12.41,-4.1,-1.8,-7,8.3
12.42,-4.1,-1.8,-7,8.3
12.43,-4.1,-1.8,-7,8.3
12.44,-4.1,-1.8,-7,8.3
12.45,-1,1.4,-5.7,6
12.46,-1,1.4,-5.7,6
12.47,-1,1.4,-5.7,6
12.48,-1,1.4,-5.7,6
12.49,-3.5,2.2,-5.2,6.6
12.5,-3.5,2.2,-5.2,6.6
12.51,-3.5,2.2,-5.2,6.6
12.52,-9.2,-1.6,-4.8,10.5
12.53,-9.2,-1.6,-4.8,10.5
12.54,-9.2,-1.6,-4.8,10.5
12.55,-9.2,-1.6,-4.8,10.5
12.56,-5.8,4.7,-7.7,10.7
12.57,-5.8,4.7,-7.7,10.7
12.58,-5.8,4.7,-7.7,10.7
12.59,-5.8,4.7,-7.7,10.7
12.6,-5.8,4.7,-7.7,10.7
12.61,-7.3,1.3,-6.8,10
12.62,-7.3,1.3,-6.8,10
12.63,-7.3,1.3,-6.8,10
12.64,-7.3,1.3,-6.8,10
12.65,-7.3,1.3,-6.8,10
12.66,-9.3,2.9,-5.7,11.3
12.67,-9.3,2.9,-5.7,11.3
12.68,-9.3,2.9,-5.7,11.3
12.69,-9.3,2.9,-5.7,11.3
12.7,-9.3,2.9,-5.7,11.3
12.71,-10.1,5.8,-7.2,13.6
12.72,-10.1,5.8,-7.2,13.6
12.73,-10.1,5.8,-7.2,13.6
12.74,-10.1,5.8,-7.2,13.6
12.75,-8.9,6.3,-6.3,12.6
12.76,-8.9,6.3,-6.3,12.6
12.77,-8.9,6.3,-6.3,12.6
12.78,-8.9,6.3,-6.3,12.6
12.79,-8.9,6.3,-6.3,12.6
12.8,-8.6,5.1,-5.8,11.5
12.81,-10.6,8.2,-15.5,20.5
12.82,-10.6,8.2,-15.5,20.5
12.83,-10.6,8.2,-15.5,20.5
12.84,-10.6,8.2,-15.5,20.5
12.85,-10.6,8.2,-15.5,20.5
12.86,-10.7,4.9,-5.9,13.1
12.87,-10.7,4.9,-5.9,13.1
12.88,-10.7,4.9,-5.9,13.1
12.89,-10.7,4.9,-5.9,13.1
12.9,-10.7,4.9,-5.9,13.1
12.91,-8.1,-5.8,-0.5,10
12.92,-8.1,-5.8,-0.5,10
12.93,-8.1,-5.8,-0.5,10
12.94,-8.1,-5.8,-0.5,10
12.95,-8.1,-5.8,-0.5,10
12.96,-3.4,7.9,-6.2,10.6
12.97,-3.4,7.9,-6.2,10.6
12.98,-3.4,7.9,-6.2,10.6
12.99,-3.4,7.9,-6.2,10.6
13,-3.4,7.9,-6.2,10.6
13.01,-5.3,6,-4,9
13.02,-5.3,6,-4,9
13.03,-5.3,6,-4,9
13.04,-5.3,6,-4,9
13.05,-8,5,-5.8,11.1
13.06,-8,5,-5.8,11.1
13.07,-8,5,-5.8,11.1
13.08,-8.4,5.1,-5.9,11.5
13.09,-8.4,5.1,-5.9,11.5
13.1,-8.4,5.1,-5.9,11.5
13.11,-8.4,5.1,-5.9,11.5
13.12,-4.8,4.3,-7,9.5
13.13,-4.8,4.3,-7,9.5
13.14,-4.8,4.3,-7,9.5
13.15,-4.8,4.3,-7,9.5
13.16,-4.8,4.3,-7,9.5
13.17,-3.8,5.2,-7,9.5
13.18,-3.8,5.2,-7,9.5
13.19,-3.8,5.2,-7,9.5
13.2,-3.8,5.2,-7,9.5
13.21,-6.5,0.5,-6.5,9.2
13.22,-6.5,0.5,-6.5,9.2
13.23,-6.5,0.5,-6.5,9.2
13.24,-6.5,0.5,-6.5,9.2
13.25,-7.9,-0.4,-5.4,9.5
13.26,-7.9,-0.4,-5.4,9.5
13.27,-7.9,-0.4,-5.4,9.5
13.28,-7.7,1.3,-9.4,12.2
13.29,-7.7,1.3,-9.4,12.2
13.3,-7.7,1.3,-9.4,12.2
13.31,-7.7,1.3,-9.4,12.2
13.32,-10.8,-5.7,-6,13.5
13.33,-10.8,-5.7,-6,13.5
13.34,-10.8,-5.7,-6,13.5
13.35,-10.8,-5.7,-6,13.5
13.36,-10.8,-5.7,-6,13.5
13.37,-6.6,3.6,-3.9,8.5
13.38,-6.6,3.6,-3.9,8.5
13.39,-6.6,3.6,-3.9,8.5
13.4,-6.6,3.6,-3.9,8.5
13.41,-6.3,3.1,-7.9,10.6
13.42,-6.3,3.1,-7.9,10.6
13.43,-6.3,3.1,-7.9,10.6
13.44,-6.3,3.1,-7.9,10.6
13.45,-6.3,3.1,-7.9,10.6
13.46,-8.8,-1.8,-5.1,10.3
13.47,-8.8,-1.8,-5.1,10.3
13.48,-8.8,-1.8,-5.1,10.3
13.49,-8.8,-1.8,-5.1,10.3
13.5,-8.8,-1.8,-5.1,10.3
13.51,-8.1,0.1,-6,10
13.52,-8.1,0.1,-6,10
13.53,-8.1,0.1,-6,10
13.54,-8.1,0.1,-6,10
13.55,-8.1,0.1,-6,10
13.56,-7.9,-0.1,-6.2,10.1
13.57,-7.9,-0.1,-6.2,10.1
13.58,-7.9,-0.1,-6.2,10.1
13.59,-7.9,-0.1,-6.2,10.1
13.6,-7.9,-0.1,-6.2,10.1
13.61,-8.7,-0.2,-5.5,10.3
13.62,-8.7,-0.2,-5.5,10.3
13.63,-8.7,-0.2,-5.5,10.3
13.64,-8.7,-0.2,-5.5,10.3
13.65,-8.7,-0.2,-5.5,10.3
13.66,-8.7,-0.2,-5.5,10.3
13.67,-7.8,-1,-5.2,9.5
13.68,-7.8,-1,-5.2,9.5
13.69,-7.8,-1,-5.2,9.5
13.7,-7.8,-1,-5.2,9.5
13.71,-7.8,-1,-5.2,9.5
13.72,-7.9,-0.9,-5.5,9.6
13.73,-7.9,-0.9,-5.5,9.6
13.74,-8.9,-0.7,-5.1,10.3
13.75,-8.9,-0.7,-5.1,10.3
13.76,-8.9,-0.7,-5.1,10.3
13.77,-8.9,-0.7,-5.1,10.3
13.78,-8.9,-0.7,-5.1,10.3
13.79,-7.9,0.8,-5.8,9.9
13.8,-7.9,0.8,-5.8,9.9
13.81,-7.9,0.8,-5.8,9.9
13.82,-7.9,0.8,-5.8,9.9
13.83,-7.9,0.8,-5.8,9.9
13.84,-7.5,1.5,-5.6,9.5
13.85,-7.5,1.5,-5.6,9.5
13.86,-7.5,1.5,-5.6,9.5
13.87,-7.5,1.5,-5.6,9.5
13.88,-7.8,1.3,-5.5,9.6
13.89,-7.8,1.3,-5.5,9.6
13.9,-7.8,1.3,-5.5,9.6
13.91,-8.2,2.3,-5.7,10.2
13.92,-8.2,2.3,-5.7,10.2
13.93,-8.2,2.3,-5.7,10.2
13.94,-8.2,2.3,-5.7,10.2
13.95,-8.2,2.3,-5.7,10.2
13.96,-8.2,2.4,-5.3,10.1
13.97,-8.2,2.4,-5.3,10.1
13.98,-8.2,2.4,-5.3,10.1
13.99,-8.2,2.4,-5.3,10.1
14,-8.2,2.4,-5.3,10.1
14.01,-8.2,2.4,-5.5,10.1
14.02,-8.2,2.4,-5.5,10.1
14.03,-8.4,2,-5.3,10.1
14.04,-8.4,2,-5.3,10.1
14.05,-8.4,2,-5.3,10.1
14.06,-8.4,2,-5.3,10.1
14.07,-8.3,1.9,-5.2,10
14.08,-8,1.8,-5.2,9.8
14.09,-8,1.8,-5.2,9.8
14.1,-8,1.8,-5.2,9.8
14.11,-8,1.8,-5.2,9.8
14.12,-8,1.8,-5.2,9.8
14.13,-8.3,1.6,-5.3,9.9
14.14,-8.3,1.6,-5.3,9.9
14.15,-8.3,1.6,-5.3,9.9
14.16,-8.3,1.6,-5.3,9.9
14.17,-8.3,1.6,-5.3,9.9
14.18,-8.3,1.5,-5.2,9.9
14.19,-8.3,1.5,-5.2,9.9
14.2,-8.3,1.5,-5.2,9.9
14.21,-8.3,1.5,-5.2,9.9
14.22,-8.3,1.5,-5.2,9.9
14.23,-8.3,1.5,-5.3,10
14.24,-8.3,1.5,-5.3,10
14.25,-8.3,1.2,-5.3,9.9
14.26,-8.3,1.2,-5.3,9.9
14.27,-8.3,1.2,-5.3,9.9
14.28,-8.3,1.2,-5.3,9.9
14.29,-8.3,1.2,-5.3,9.9
14.3,-8.2,1.2,-5.3,9.9
14.31,-8.3,1.1,-5.3,9.9
14.32,-8.3,1.1,-5.3,9.9
14.33,-8.3,1.1,-5.3,9.9
14.34,-8.3,1.1,-5.3,9.9
14.35,-8.3,1.1,-5.3,9.9
14.36,-8.5,1.3,-5.3,10.1
14.37,-8.5,1.3,-5.3,10.1
14.38,-8.5,1.3,-5.3,10.1
14.39,-8.5,1.3,-5.3,10.1
14.4,-8.5,1.3,-5.3,10.1
14.41,-8.2,1.1,-5.1,9.7
14.42,-8.2,1.1,-5.1,9.7
14.43,-8.2,0.4,-5.1,9.7
14.44,-8.2,0.4,-5.1,9.7
14.45,-8.2,0.4,-5.1,9.7
14.46,-8.2,0.4,-5.1,9.7
14.47,-8.2,0.4,-5.1,9.7
14.48,-8.6,1.1,-4.8,9.9
14.49,-8.6,1.1,-4.8,9.9
14.5,-8.6,1.1,-4.8,9.9
14.51,-8.6,1.1,-4.8,9.9
14.52,-8.3,1.1,-5.2,9.9
14.53,-8.3,1.1,-5.2,9.9
14.54,-8.3,1.1,-5.2,9.9
14.55,-8.3,1.1,-5.2,9.9
14.56,-8.3,1.1,-5.2,9.9
14.57,-8.6,1.4,-5.2,10.2
14.58,-8.6,1.4,-5.2,10.2
14.59,-8.6,1.4,-5.2,10.2
14.6,-8.6,1.4,-5.2,10.2
14.61,-8.6,1.4,-5.2,10.2
14.62,-7.9,0.2,-5.1,9.4
14.63,-7.9,0.2,-5.1,9.4
14.64,-7.9,0.2,-5.1,9.4
14.65,-7.9,0.2,-5.1,9.4
14.66,-8.7,1,-5.3,10.2
14.67,-8.7,1,-5.3,10.2
14.68,-8.7,1,-5.3,10.2
14.69,-8.7,1,-5.3,10.2
14.7,-8,0.8,-5.1,9.6
14.71,-8,0.8,-5.1,9.6
14.72,-8,0.8,-5.1,9.6
14.73,-8,0.8,-5.1,9.6
14.74,-8.3,1.2,-5.3,9.9
14.75,-8.3,1.2,-5.3,9.9
14.76,-8.3,1.2,-5.3,9.9
14.77,-8.3,1.2,-5.3,9.9
14.78,-8.3,1.2,-5.3,9.9
14.79,-8.5,0.9,-5.2,10
14.8,-8.5,0.9,-5.2,10
14.81,-8.5,0.9,-5.2,10
14.82,-8.5,0.9,-5.2,10
14.83,-8.5,0.9,-5.2,10
14.84,-8.3,1.3,-5.2,9.9
14.85,-8.3,1.3,-5.2,9.9
14.86,-8.3,1.3,-5.2,9.9
14.87,-8.3,1.3,-5.2,9.9
14.88,-8.3,1.3,-5.2,9.9
14.89,-8.3,0.9,-5.2,9.9
14.9,-8.3,0.9,-5.2,9.9
14.91,-8.3,0.9,-5.2,9.9
14.92,-8.3,0.9,-5.2,9.9
14.93,-8.3,0.9,-5.2,9.9
14.94,-8.4,0.9,-5.5,10.1
14.95,-8.4,0.9,-5.5,10.1
14.96,-8.4,0.9,-5.5,10.1
14.97,-8.4,0.9,-5.5,10.1
14.98,-8.1,1.2,-5.2,9.7
14.99,-8.1,1.2,-5.2,9.7
15,-8.1,1.2,-5.2,9.7
15.01,-8.1,1.2,-5.2,9.7
15.02,-8.1,1.2,-5.2,9.7
15.03,-8.5,1.2,-5.6,10.2
15.04,-8.5,1.2,-5.6,10.2
15.05,-8.5,1.2,-5.6,10.2
15.06,-8.5,1.2,-5.6,10.2
15.07,-8.3,0.6,-5.2,9.8
15.08,-8.3,0.6,-5.2,9.8
15.09,-8.3,0.6,-5.2,9.8
15.1,-8.3,0.6,-5.2,9.8
15.11,-8.3,0.6,-5.2,9.8
15.12,-8.4,0.8,-5.5,10
15.13,-8.4,0.8,-5.5,10
15.14,-8.4,0.8,-5.5,10
15.15,-8.4,0.8,-5.5,10
15.16,-8.4,0.8,-5.5,10
15.17,-7,1,-5.3,8.9
15.18,-7,1,-5.3,8.9
15.19,-7,1,-5.3,8.9
15.2,-7,1,-5.3,8.9
